Judul yang Diuji,Waktu Tes 1 (md),Waktu Tes 2 (md),Waktu Tes 3 (md),Waktu Tes 4 (md),Waktu Tes 5 (md),Waktu Tes 6 (md),Waktu Tes 7 (md),Waktu Tes 8 (md),Waktu Tes 9 (md),Waktu Tes 10 (md),Waktu Rata-rata (md)
Goat Brothers,3.1569,2.774,3.1581,2.496,3.108,3.2749,1.8489,1.606,1.586,1.559,2.4568
The Missing Person,1.4851,1.3819,1.8239,1.3659,1.3669,2.099,2.4741,2.6481,2.563,2.6131,1.9821
Don't Eat Your Heart Out Cookbook,2.6472,2.1491,2.5842,2.862,3.155,1.8158,1.586,1.606,2.625,3.7022,2.4733
When Your Corporate Umbrella Begins to Leak: A Handbook for White Collar Re-Employment,3.2358,2.703,4.1661,3.849,2.6698,5.0299,4.318,4.724,4.7371,3.7701,3.9203
Amy Spangler's Breastfeeding : A Parent's Guide,2.074,1.0509,1.5249,1.935,1.9469,1.6868,2.8982,1.2181,1.0328,2.7769,1.8145
The Foundation of Leadership: Enduring Principles to Govern Our Lives,2.3642,4.118,1.2591,3.381,1.806,2.038,2.0971,1.8051,2.049,1.9131,2.2831
Chicken Soup for the Soul: 101 Stories to Open the Heart and Rekindle the Spirit,2.0919,1.1821,1.219,1.3051,1.364,1.292,1.287,1.281,1.2782,1.277,1.3577
Journey Through Heartsongs,2.2252,2.3599,2.326,2.176,2.6591,3.6099,2.903,2.3069,2.2171,2.171,2.4954
In Search of Melancholy Baby,1.1001,0.946,0.9608,0.983,0.9499,0.948,0.9339,1.0102,0.9339,0.9341,0.97
Christmas Cookies,1.601,1.5659,1.4651,1.509,1.6048,1.493,1.5309,1.538,1.466,1.4722,1.5246
The Dieter's Guide to Weight Loss During Sex,0.2611,0.2599,0.2549,0.2542,0.253,0.246,0.2489,0.2592,0.257,0.3119,0.2606
Germs : Biological Weapons and America's Secret War,0.3538,0.2408,0.248,0.246,0.241,0.2449,0.247,0.2451,0.2398,0.2449,0.2551
The Genesis of Ethics,1.4391,1.3721,1.3371,1.3499,1.3001,1.333,1.3571,1.3399,1.3349,1.317,1.348
The Good Book: Reading the Bible with Mind and Heart,1.8148,1.353,1.426,1.303,2.2869,1.3161,1.297,1.282,1.2901,1.771,1.514
All over but the Shoutin',1.816,1.6851,2.0809,2.1498,1.8089,1.5571,2.9881,2.672,2.1601,2.166,2.1084
Oilers and Sweepers and Other Stories,1.9751,1.488,1.411,1.441,1.5371,1.4861,4.436,1.5678,1.4799,1.472,1.8294
Prince William,1.3971,1.3609,1.3371,1.3571,1.364,1.318,1.3311,1.3299,2.2001,1.565,1.456
The Emperor's New Mind,6.2971,3.849,0.9952,1.0159,1.116,0.999,0.9878,1.826,2.9011,2.1141,2.2101
Touching Fire: Erotic Writings by Women,1.694,4.8349,1.8561,1.4131,1.5161,1.688,1.0381,1.3709,1.5969,1.121,1.8129
Hill Rat: Blowing the Lid Off Congress,2.0878,4.1292,3.6972,2.852,1.7841,1.8911,1.853,2.2969,1.76,2.682,2.5033
The Great ABC Treasure Hunt: A Hidden Picture Alphabet Book (Time-Life Early Learning Program),2.013,1.982,1.698,1.6279,1.5981,1.853,1.622,1.6241,1.581,1.5981,1.7197
Personality of the Cat,0.2971,0.2499,0.262,0.263,0.242,0.2341,0.2398,0.3011,0.2511,0.248,0.2588
Murdering Mr. Monti: A Merry Little Tale of Sex and Violence,1.5481,1.524,1.586,2.1381,1.555,1.5838,1.5481,1.5039,1.5001,1.4799,1.5967
In Re Alger Hiss:  Petition for a Writ of Error Coram Nobis,1.3959,1.1489,1.1649,1.0731,5.2969,1.5049,1.1041,1.0679,1.111,1.0622,1.593
Black Holes and Baby Universes and Other Essays,1.3449,1.236,1.2531,1.4379,1.3471,1.7712,1.318,1.3089,1.1952,1.2038,1.3416
Relativity: The Special and the General Theory,1.2219,1.194,1.152,1.2791,2.665,1.3859,2.1849,1.95,1.3871,1.327,1.5747
Betrayal : How the Clinton Administration Undermined American Security,1.7841,1.6849,1.7211,2.1629,2.1911,1.797,1.858,1.7211,1.735,2.0881,1.8743
Shadow Song,1.1048,1.0161,1.1349,1.781,1.2009,1.9481,2.1849,2.2211,1.4842,1.462,1.5538
Undercurrents: A Therapist's Reckoning With Her Own Depression,2.5959,2.3608,2.2728,2.317,2.0862,2.3749,2.121,2.001,2.7039,2.053,2.2887
The Road Less Traveled and Beyond: Spiritual Growth in an Age of Anxiety,1.8499,1.853,1.8358,1.6501,2.346,2.249,1.6279,1.688,1.6031,2.1529,1.8856
The Kiss: A Memoir,2.1069,2.1729,2.146,1.991,1.5602,1.9619,2.7051,2.136,2.1572,2.1949,2.1132
Codebreakers' Victory: How the Allied Cryptogaphers Won World War II,0.3099,0.2689,0.273,0.2809,0.268,0.2751,0.2968,0.1738,0.1619,0.1609,0.2469
"A Manual for Writers of Term Papers, Theses, and Dissertations, Fifth Edition",3.691,3.0019,2.1999,1.6549,1.4691,1.466,1.8799,2.0418,1.5111,1.5459,2.0462
"The Price of Loyalty: George W. Bush, the White House, and the Education of Paul O'Neill",1.503,2.1448,1.7109,1.313,1.5402,1.765,1.334,1.328,1.322,1.302,1.5263
Best New American Voices 2003,0.675,0.6449,0.6361,0.623,0.6139,0.634,0.6061,0.6161,0.6549,0.627,0.6331
Escape from the CIA: How the CIA Won and Lost the Most Important KGB Spy Ever to Defect to the U.S.,0.7939,0.7391,0.756,0.756,0.9699,1.159,0.859,0.911,1.03,1.353,0.9327
Meditations: On the Monk Who Dwells in Daily Life,1.8899,2.228,1.2131,1.1089,1.1189,1.425,1.246,1.1251,1.0049,1.308,1.3668
Links Lore,1.2858,1.5969,1.4451,1.477,1.9858,1.411,1.8599,1.3909,1.689,2.0881,1.623
Jackie by Josie: A Novel,2.111,2.0261,1.9641,1.982,1.8909,1.4791,1.1561,1.545,1.9901,1.4939,1.7638
Joshua and the City,1.581,1.3962,1.7841,1.091,1.611,1.2529,1.0839,1.174,1.2228,1.019,1.3216
The Book of Courtly Love: The Passionate Code of the Troubadours,2.218,2.512,2.6169,2.4772,2.491,2.285,2.435,2.362,2.4228,3.1989,2.5019
How Good Do We Have to Be? A New Understanding of Guilt and Forgiveness,2.908,3.7069,2.6779,2.45,3.2871,3.0711,3.53,2.3398,2.0759,2.62,2.8667
"Eat More, Weigh Less: Dr. Dean Ornish's Life Choice Program for Losing Weight Safely While Eating Abundantly",2.0041,2.069,2.7061,1.9751,1.981,3.0119,2.8958,2.0399,3.1481,3.2589,2.509
Majorca: Culture and Life,1.847,1.7788,1.653,1.07,1.0381,0.9768,0.9811,0.9861,0.9818,1.0362,1.2349
Written by Herself: Autobiographies of American Women: An Anthology,2.044,1.982,2.0239,1.894,2.7871,3.413,3.413,3.4459,3.3991,2.593,2.6995
The Universe of Galaxies,1.879,2.7862,2.7568,2.7611,2.7411,2.7568,2.2631,1.931,2.9809,1.8499,2.4706
Ice Bound: A Doctor's Incredible Battle For Survival at the South Pole,1.157,1.0591,1.024,1.1301,1.2782,1.0779,1.101,1.1101,1.8191,1.8659,1.2622
Healing Benefits of Garlic,1.4961,2.2888,2.424,2.0201,1.3359,1.2741,1.3249,1.3249,1.344,1.3461,1.6179
Me and Ted Against the World : The Unauthorized Story of the Founding of CNN,0.2389,0.1738,0.1719,0.1781,0.175,0.1738,0.1771,0.176,0.289,0.3572,0.2111
Magnet Therapy: The Pain Cure Alternative,2.687,2.3692,3.6569,4.288,2.3999,2.3861,2.398,2.5101,2.3069,2.2659,2.7268
Controlling Cholesterol: Dr. Kenneth H. Cooper's Preventative Medicine Program,1.518,1.498,2.475,2.6309,3.3128,2.6059,1.8411,1.425,2.4791,2.533,2.2319
George Meany And His Times: A Biography,2.6951,1.9391,2.2199,1.8082,1.683,1.7529,1.6491,1.6849,1.94,2.0161,1.9388
American Dreams: Lost & Found,1.545,1.385,1.2031,1.0879,1.101,1.1129,1.0679,1.0731,1.7791,1.9071,1.3262
Sharing the Pie : A Citizen's Guide to Wealth and Power,1.462,1.1849,1.204,1.174,1.147,1.163,1.1661,1.2009,1.1342,1.1659,1.2002
"Love, Love, and Love",1.8051,1.8902,1.42,1.2691,1.1539,1.8451,1.8511,1.235,1.1151,1.797,1.5382
Conflicting Accounts: The Creation and Crash of the Saatchi and Saatchi Advertising Empire,2.0778,1.8759,1.9929,2.2249,2.1901,2.1629,1.868,1.4188,1.3568,1.2081,1.8376
What Went Wrong at Enron: Everyone's Guide to the Largest Bankruptcy in U.S. History,1.9782,2.517,2.5342,2.4559,2.568,2.6839,2.5809,2.4662,1.9879,1.956,2.3728
"The Addictive Organization: Why We Overwork, Cover Up, Pick Up the Pieces, Please the Boss, and Perpetuate S",0.241,0.1791,0.1769,0.174,0.174,0.176,0.185,0.1771,0.174,0.1729,0.183
From the Silent Earth: A Report on the Greek Bronze Age,0.4542,0.4051,0.396,0.3979,0.397,0.3889,0.3819,0.3848,0.4091,0.3979,0.4013
Panic Disorder and Its Treatment (Medical Psychiatry Series),2.542,1.7951,1.832,1.6441,1.657,1.94,2.948,2.9378,2.0061,1.698,2.1
Henry VIII (English Monarchs Series),1.7211,2.8639,2.969,2.9259,2.4362,3.01,2.9099,2.919,2.8939,2.877,2.7526
The Moral Intelligence of Children,2.7349,2.501,2.3868,2.641,2.6121,2.502,1.528,1.657,2.3279,2.3401,2.3231
"Concordance to the New English Bible, New Testament,",3.6519,3.269,2.9881,2.9368,2.1548,2.125,2.152,2.1341,2.7709,3.844,2.8027
Life at the Edge: Readings from Scientific American Magazine,2.907,2.8071,2.8009,2.6071,2.7981,2.8541,2.171,1.6811,1.5531,1.533,2.3713
Cook Healthy: Cook Quick,1.061,1.3032,0.927,0.941,0.9069,0.901,0.9179,0.9201,0.9091,0.921,0.9708
Images Of War: The Artist's Vision of World War II,0.2182,0.1578,0.1509,0.1481,0.15,0.1509,0.1531,0.149,0.1469,0.1452,0.157
Becoming Soul Mates: Cultivating Spiritual Intimacy in the Early Years of Marriage,1.7989,1.725,1.6699,2.9101,2.877,3.067,2.1479,1.842,1.729,2.0001,2.1767
Care of the Soul : A Guide for Cultivating Depth and Sacredness in Everyday Life,1.4281,1.0068,0.9909,1.018,0.9811,1.3359,1.1098,1.3812,1.684,1.739,1.2675
Victims of Progress,2.8348,2.5051,2.8701,2.8911,2.017,2.749,2.341,1.7259,1.6441,1.7989,2.3377
Inside the Tornado: Marketing Strategies from Silicon Valley's Cutting Edge,1.529,0.9761,0.9689,0.932,0.9561,1.3242,1.574,1.893,1.7121,1.3349,1.32
Sunset at Rosalie: A Novel,2.7089,2.5558,1.6558,2.0771,2.085,1.8358,1.3719,1.2362,1.1909,1.359,1.8076
"The Girlfriends' Guide to Surviving the First Year of Motherhood, Packaging May Vary",1.193,1.4679,1.013,1.0262,1.3139,1.785,1.7951,1.6592,1.2269,1.8461,1.4326
"Sherlock Holmes and the Red Demon by John H. Watson, M.D.",1.3888,1.272,0.756,0.715,0.7031,0.7019,0.7169,0.735,0.716,0.736,0.8441
"New Lands, New Men",0.4709,0.401,0.4001,0.3991,0.396,0.391,0.3929,0.37,0.2241,0.2191,0.3664
Reinventing Government: How the Entrepreneurial Spirit is Transforming the Public Sector (Plume),1.153,1.0531,1.864,1.9238,1.9269,1.652,1.0691,1.05,1.116,1.507,1.4315
Proverbs For The People,2.064,1.333,1.277,1.2999,1.678,2.094,2.2659,1.9882,1.415,1.7371,1.7152
Great American Countryside,3.0148,3.716,3.5851,2.8071,4.035,3.8888,3.927,3.5541,3.2589,2.342,3.4129
Rob Whitlock: A Pioneer Boy in Old Ohio,0.994,1.4842,1.668,1.668,1.6398,1.6301,1.3261,1.368,1.2901,0.973,1.4041
British Hospitals (Britain in Pictures),2.147,1.781,1.7571,1.822,2.5539,2.7759,2.722,1.8799,1.8091,2.2159,2.1464
An essay on morals,3.1779,2.1932,1.838,1.4329,1.3289,2.094,2.445,2.4049,2.3491,2.341,2.1605
"Kid, You Sing My Songs of Love, and Loss, and Hope",1.8039,1.1671,1.0538,1.5771,1.688,1.2941,1.174,1.0819,1.0588,1.298,1.3197
Re-Inventing the Corporation: Transforming Your Job and Your Company for the New Information Society,2.0318,1.6658,1.6999,1.9989,1.519,1.5049,1.4908,1.477,1.4749,1.508,1.6371
A Sister Is Forever: A Blue Mountain Arts Collection for One of the Most Beautiful People You'll Ever Know,0.9332,0.8581,1.436,0.8631,0.9079,0.824,0.8261,0.9899,1.405,1.5638,1.0607
The Practical Stylist,2.0409,2.172,2.414,1.4029,1.9519,2.1129,1.3819,1.899,1.8258,1.713,1.8914
The Periodic Kingdom: A Journey Into The Land Of The Chemical Elements (Science Masters Series),2.089,2.6059,2.1319,1.9269,2.6562,2.7759,1.8191,2.979,2.4121,2.2249,2.3621
Titanic,1.4298,1.4732,2.2349,1.4098,1.487,1.6711,2.111,1.4589,1.478,2.157,1.6911
A Woman of Egypt,1.8129,1.6811,1.3649,1.2028,1.0431,1.0881,1.1098,1.4641,1.5969,1.055,1.3419
Civilization III: Instruction Manual,2.1498,1.9479,2.1732,1.6069,1.7951,1.4071,2.1689,1.9851,2.1889,2.0778,1.9501
"Alcatraz '46;: The anatomy of a classic prison tragedy,",2.785,3.0921,3.2859,2.5251,2.809,2.178,2.147,2.7571,3.6631,2.7609,2.8003
Elvis in the Morning,2.1639,2.4281,2.3088,2.1431,2.753,2.1899,2.6538,1.8809,2.3358,2.393,2.325
"Fat Free, Flavor Full: Dr. Gabe Mirkin's Guide to Losing Weight and Living Longer",2.012,2.445,3.4189,4.4792,1.724,1.399,1.5411,2.038,2.512,1.996,2.3565
White Gold Wielder - Book Three of The Second Chronicles of Thomas Covenant,2.7459,2.496,2.1849,2.259,2.511,2.291,2.1169,1.9829,1.9419,2.7671,2.3297
From Image to Likeness: A Jungian Path in the Gospel Journey,1.868,2.2271,1.7951,1.4701,1.492,1.4131,1.476,1.925,1.436,1.4172,1.652
ON THE WING: The Life of Birds: From Feathers to Flight,1.586,1.6019,1.2829,1.2469,1.3058,1.4389,1.5011,1.3249,1.224,1.673,1.4185
Bringing Down the House: The Inside Story of Six M.I.T. Students Who Took Vegas for Millions,2.0421,1.7951,1.797,2.244,2.9259,2.2352,1.7769,2.9011,3.062,1.8139,2.2593
Future Space: Beyond Earth,2.121,2.3899,2.6541,2.1992,2.4159,2.686,1.8358,1.56,1.965,2.543,2.237
"The young Jefferson, 1743-1789,",2.28,2.2268,1.9109,1.348,2.382,2.5451,2.121,2.9101,1.4079,1.3511,2.0483
"Mayo Clinic On Hearing: Strategies for Managing Hearing Loss, Dizziness and Other Ear Problems (""MAYO CLINIC ON"" SERIES)",2.5001,2.0061,1.776,2.0509,1.8392,1.7519,2.378,3.0849,2.2271,2.0838,2.1698
"Trust Me, Mom-Everyone Else Is Going!: The New Rules for Mothering Adolescent Girls",1.9372,2.7449,1.797,1.3309,2.0802,2.089,2.089,1.7149,1.1969,1.168,1.8148
I Hate School: How to Hang in and When to Drop Out,0.329,0.268,0.2651,0.258,0.2661,0.252,0.2518,0.267,0.3612,0.2999,0.2818
The Quotable Ronald Reagan,2.424,2.7251,2.2011,1.637,2.3429,2.094,2.3489,1.919,1.991,2.763,2.2446
"Rooster crows for day,",1.7869,1.7459,1.776,1.7109,1.3671,1.1091,1.368,1.6,1.6711,1.6899,1.5825
Leadership Is an Art,0.5491,0.5,0.484,0.493,0.4811,0.4799,0.493,0.51,0.4189,0.3409,0.475
What's Going On?: Personal Essays,1.5068,1.411,1.8981,1.801,1.2791,2.0208,2.039,1.4229,1.2798,1.236,1.5895
Dark Fields of the Republic: Poems 1991-1995,1.1988,1.7471,1.395,1.364,1.189,1.3208,1.828,2.0871,1.9429,1.5531,1.5626
Creating an Inclusive School,1.2901,1.1849,1.2681,1.93,1.93,1.1711,1.1361,1.4939,1.7672,2.0261,1.5198
Edit Yourself : A manual for everyone who works with words,2.147,2.1269,2.0421,2.0831,2.0342,2.0189,1.4751,1.183,1.158,1.174,1.7442
Standing for Something: 10 Neglected Virtues That Will Heal Our Hearts and Homes,1.3971,1.539,1.1978,1.1952,1.1489,1.188,1.5011,1.169,1.132,1.174,1.2642
North Carolina Ghosts and Legends,1.7309,1.935,1.5769,1.5731,1.9591,2.548,2.574,2.62,2.3639,1.8308,2.0712
Balkan Odyssey a personal account of the international peace efforts following the breakup of the former Yugoslavia,1.888,1.6191,2.1889,1.7309,2.141,1.9238,1.756,2.156,2.6941,2.66,2.0758
Straight Talk about Death for Teenagers: How to Cope with Losing Someone You Love,2.0101,1.806,1.895,1.8601,1.533,1.0931,1.7319,1.8539,1.5681,1.0641,1.6415
Understanding Thomas Jefferson,1.7002,1.56,2.5661,2.6221,1.9829,2.6729,2.661,2.3761,1.672,1.6191,2.1432
"Hey Mom! I'm Hungry!: Great-Tasting, Low-Fat, Easy Recipes to Feed Your Family",1.415,1.5171,1.3599,1.2548,1.2999,1.729,2.1908,2.1491,2.131,2.161,1.7208
"Changes in the Land: Indians, Colonists and the Ecology of New England",2.022,2.6689,2.624,1.718,2.3751,2.1651,2.722,2.1501,1.9939,1.4918,2.1931
An East Wind Coming,1.533,1.416,1.574,1.3931,1.3499,1.472,2.413,2.3482,2.2318,1.385,1.7116
Going the Other Way: Lessons from a Life In and Out of Major League Baseball,2.2891,2.285,1.6391,1.76,1.6739,1.7941,1.611,1.7331,1.718,1.58,1.8083
Consider Your Options: Get the Most from Your Equity Compensation,2.4529,2.4199,2.3699,2.6271,2.3561,2.3351,2.9039,3.4671,2.4791,2.501,2.5912
Molecular Cell Biology,1.9209,2.0831,1.411,1.37,1.399,3.4389,1.8799,1.43,1.627,1.467,1.8027
Majendie's Cat,0.37,0.32,0.2921,0.2489,0.3459,0.2441,0.252,0.241,0.248,0.2389,0.2801
First Things First,1.93,1.703,2.1648,1.6639,1.5581,1.1082,1.2078,1.2572,1.1089,1.384,1.5086
Best Friends: The True Story of the World's Most Beloved Animal Sanctuary,2.4121,2.583,3.3979,3.4459,3.4728,3.417,2.8598,3.386,3.021,2.0041,3
"Prudens futuri: The US Army War College, 1901-1967",1.2691,1.7269,1.5969,1.204,1.2219,1.173,1.158,1.21,1.1849,1.1511,1.2896
Joshua: A Parable for Today,1.235,1.1349,1.8041,1.936,1.837,1.6232,1.653,1.116,1.173,1.1311,1.4643
Things Not Seen and Other Stories,1.6439,1.5242,1.6329,1.9441,1.7269,2.003,2.3739,1.472,1.5738,1.4808,1.7376
Putting the One Minute Manager to Work: How to Turn the 3 Secrets into Skills,1.266,1.2488,1.1761,1.7321,1.6589,2.8162,1.5709,1.199,1.1899,1.183,1.5041
The Spiritual Life of Children,1.569,1.519,2.0959,2.424,1.5838,2.25,2.7969,1.6482,1.9028,1.6122,1.9402
Constancia and Other Stories for Virgins,1.5149,1.7281,2.0509,1.4071,1.375,1.344,1.363,1.359,1.333,1.3881,1.4863
May I Have This Dance?,1.4269,1.3239,1.5121,1.39,1.3671,1.3781,1.3719,1.374,1.3831,1.368,1.3895
"Meditations from Conversations with God: An Uncommon Dialogue, Book 1 (Conversations with God Series)",1.8399,1.7338,1.9941,2.5611,1.739,2.748,2.924,2.9118,2.6438,1.6601,2.2756
Washington bowed,1.1289,1.1179,1.0469,1.029,1.0431,1.0478,1.0269,1.0459,1.055,1.05,1.0591
Chagall,1.323,1.4181,2.301,2.193,1.3511,1.3249,1.327,2.2271,1.246,1.2691,1.598
Ride a Pale Horse,1.2832,1.2419,1.745,1.6789,1.147,1.2131,1.991,1.9779,1.9839,2.0139,1.6276
Listening to Prozac: A Psychiatrist Explores Antidepressant Drugs and the Remaking of the Self,1.9469,1.7998,1.492,0.9799,0.9701,0.9699,0.9799,1.025,0.9792,1.106,1.2249
"The Big Garage on Clear Shot: Growing Up, Growing Old, and Going Fishing at the End of the Road",1.148,1.013,1.025,1.0121,1.0338,1.3061,1.1721,1.05,1.014,1.018,1.0792
Life Stories,1.4241,1.385,1.3962,1.4119,1.503,1.9732,2.5449,2.09,2.0502,2.346,1.8125
Houghton Mifflin Invitations to Literature: Student Anthology Level 1.3 Share 1997 (Invitations to Lit 1997),0.9131,0.7989,0.7451,0.7451,0.73,0.7129,0.7041,0.711,0.7191,0.7379,0.7517
Grow Greener: Ten Steps to a Richer Life,1.354,1.0529,0.9961,0.952,0.9589,0.9341,0.958,0.9501,0.9279,0.9451,1.0029
"Frames of Reference: Looking at American Art, 1900-1950: Works from the Whitney Museum of American Art",0.34,0.505,0.4699,0.4759,0.473,0.4771,0.4721,0.474,0.499,0.4711,0.4657
Remembering Main Street: An American Album,1.919,2.198,3.679,1.904,1.348,1.0521,1.0839,1.0662,1.0619,1.9519,1.7264
Spicy,3.485,1.7889,1.0262,1.0259,1.0431,1.0469,1.0102,1.0231,1.0259,1.0231,1.3498
Pope John Paul II,0.2141,0.15,0.1478,0.1478,0.1481,0.144,0.181,0.185,0.1512,0.1471,0.1616
"The Virgin Homeowner: The Essential Guide to Owning, Maintaining, and Surviving Your Home",1.1101,1.0269,1.0202,1.6899,2.2349,1.8671,1.792,1.7741,1.8091,1.076,1.54
"Fight Fat After Forty: The Revolutionary Three-Pronged Approach That Will Break Your Stress-Fat Cycle and Make You Healthy, Fit, and Trim for Life",1.0741,0.984,0.983,0.9801,0.982,0.9558,1.003,1.0781,0.9849,0.9792,1.0004
Leadership Presence,1.729,1.7109,2.2552,2.4929,1.8189,1.7722,1.7798,1.765,1.7629,1.7431,1.883
The Golden Christmas Tree,1.1649,1.0371,1.0219,1.004,1.004,1.024,1.03,1.0619,1.0049,1.0078,1.0361
The Age of Uncertainty,2.073,1.9979,1.9491,2.044,2.0289,1.9381,1.9448,1.967,1.9739,1.965,1.9882
Global Literacies: Lessons on Business Leadership and National Cultures,1.528,2.619,1.4641,1.4551,1.482,1.4899,1.5121,1.4789,1.4951,1.493,1.6017
Results: The Key to Continuous School Improvement,2.1179,2.5179,3.0911,3.3011,3.2959,3.293,3.2129,2.249,1.9071,1.8818,2.6868
Trailside Guide: Fly Fishing,1.3919,1.3068,1.3509,1.323,2.2922,2.419,1.4031,1.3571,1.4,1.3759,1.562
I Wish I Had a Red Dress,1.5669,1.4291,1.611,1.6661,1.3599,1.122,1.1292,1.081,1.111,1.2429,1.3319
The economics of macro issues,1.483,2.116,1.9782,2.053,1.6289,1.318,1.23,1.2228,1.3041,1.3471,1.5681
Family Guide to Natural Medicine,1.8251,1.636,2.367,2.63,1.6439,1.7099,1.6172,1.605,1.5988,1.585,1.8218
Killer Diller,1.3161,1.6069,1.3402,2.5399,1.4021,1.2369,1.826,1.236,1.303,1.2629,1.507
Herbal Medicine,1.678,1.5891,2.002,1.925,1.6019,1.749,2.7919,2.8212,1.77,1.843,1.9771
The Visitation,2.5339,1.8671,2.183,3.0808,2.768,1.8132,2.7409,2.0719,2.0299,2.152,2.3241
Big Kitchen Instruction Book,1.729,1.6408,1.6081,1.58,1.9081,2.7552,2.6839,1.929,1.7641,1.4961,1.9094
"One World, One Heart",1.6432,1.3649,1.405,2.1429,1.6301,1.646,1.281,1.277,1.215,1.25,1.4855
Reengineering the Corporation,2.481,2.609,2.8341,2.316,2.3801,2.3079,3.3302,2.537,2.301,3.8741,2.697
What My Parents Did Right,2.2278,2.147,2.136,2.1482,1.966,2.1141,2.085,2.0721,2.0759,1.4029,2.0375
The Man's Health Sourcebook,2.1811,2.7421,3.7069,3.5379,3.536,3.509,4.241,2.9221,3.226,3.2101,3.2812
High Tech Illustration,3.1819,3.912,3.756,3.756,3.655,2.9101,3.2561,3.9821,2.3861,2.106,3.2901
Chinese Roundabout: Essays in History and Culture,1.7049,1.4231,2.26,2.284,2.224,2.223,2.2299,2.1729,2.0669,2.7819,2.1371
"Behind closed doors;: The secret history of the cold war,",1.6799,1.0281,1.2681,1.0939,1.0881,0.9849,0.983,1.0371,1.0779,1.0662,1.1307
"Production & Operations Management : Quality, Performance, and Value",1.2019,2.0671,2.0511,2.0521,2.0609,2.0039,2.069,2.2769,3.7069,2.197,2.1687
Shackleton's Boat Journey,1.431,1.4689,1.3092,1.2908,1.2941,1.75,2.183,2.1741,2.316,2.322,1.7539
An Atlas of the Difficult World: Poems 1988-1991,2.085,2.079,1.8258,2.3489,2.1079,2.073,2.0502,1.837,2.0549,2.032,2.0494
Are You Considering Psychoanalysis?,4.7262,8.8391,4.4429,2.4948,2.279,2.2712,2.2938,2.305,2.2922,3.0549,3.4999
"The Splendid Century: French Art: 1600-1715 - exhibition at The National Gallery of Art,  The Toledo Museum of Art, The Metropolitan Museum of Art, 1960-1961",2.1319,2.1281,2.1069,2.089,2.089,2.099,2.1269,2.0809,2.1231,1.8799,2.0855
Blue Guide: Oxford and Cambridge (Blue Guides (Only Op)),0.9139,0.8731,0.838,0.85,0.8271,0.948,0.869,0.8321,0.824,0.994,0.8769
Daughter of Regals & Other Tales,1.5612,1.7619,1.456,1.21,1.2162,1.235,1.2889,1.215,1.148,1.164,1.3256
Get Thee To a Punnery,1.3571,2.31,1.5221,2.115,1.277,1.3261,1.2679,1.286,1.4741,1.477,1.5412
Too Young to Retire: 101 Ways To Start The Rest of Your Life,1.2641,1.862,1.0531,1.6639,1.6811,1.6391,1.2748,1.2951,0.9861,0.989,1.3708
Zillionaire's Daughter,1.6551,3.7971,2.048,1.7841,1.7459,1.703,1.5919,1.5399,1.704,2.2531,1.9822
Macintosh programming primer,2.064,1.6289,1.4231,1.2989,1.3721,1.313,1.317,1.333,1.327,2.2879,1.5365
Ireland's Women: Writings Past and Present,2.8181,2.7449,2.7051,3.0811,3.3629,1.652,1.5259,1.595,1.6069,1.621,2.2713
Currier and Ives Four Seasons Cookbook,1.677,1.6861,1.667,1.9979,2.8179,1.936,1.574,2.7828,1.8141,1.7121,1.9665
Testimonies: A Novel,1.2362,1.3978,1.1742,1.137,1.1308,1.1299,1.188,1.143,1.1041,1.1408,1.1782
"Career Guide: Opportunities and Resources for You (The Ebony Success Library, V. 3)",0.1221,0.092,0.093,0.0899,0.0911,0.0908,0.092,0.088,0.0882,0.088,0.0935
The downy waterfowl of North America,1.6379,1.5771,1.55,2.3069,1.677,1.8518,1.883,1.7111,1.7369,2.5048,1.8437
Cooking for Jack,1.658,1.102,1.1079,0.9069,0.8769,0.881,0.8869,1.1671,0.941,0.9532,1.0481
How to Become a Successful Consultant in Your Own Field,1.1749,1.09,1.1489,1.231,1.0889,1.1752,1.6971,1.636,1.255,1.0309,1.2528
"Sophie Du Pont: A Young Lady in America : Sketches, Diaries, and Letters, 1823-1833",1.1592,1.1139,1.229,1.127,1.6451,1.9591,2.0769,1.3869,1.1461,1.133,1.3976
MBO for nonprofit organizations,2.7099,2.4042,2.3639,2.497,2.569,3.6218,2.5539,2.5871,3.2439,2.9871,2.7538
"The Wrinkle Cure: Unlock the Power of Cosmeceuticals for Supple, Youthful Skin",1.575,1.6389,1.574,1.5192,1.5109,1.514,1.5392,1.2999,0.9,0.8681,1.3939
Step-By-Step Container Gardening: 50 Recipes for Creating Glorious Pots and Boxes,3.2272,2.1932,1.7819,1.837,1.4968,1.0269,1.0321,1.035,1.0941,1.0221,1.5746
The New Grove Modern Masters (Composer Biography Series),1.9059,2.2581,2.79,2.7759,2.7761,2.826,2.548,1.7841,1.61,1.647,2.2921
City of Gold,1.246,1.0509,0.8931,0.8919,0.9291,0.9379,0.89,1.1461,1.7061,1.4799,1.1171
Mother of Pearl,1.4691,1.266,2.1369,2.1329,2.13,1.9281,1.297,1.744,1.7099,1.4191,1.7233
Icons,1.1508,1.231,1.895,1.8909,1.8752,1.8868,1.327,1.5111,1.6251,1.116,1.5509
The View from a Monastery,1.894,1.7979,1.8182,1.8051,1.8239,1.8289,2.7399,3.0851,1.9989,2.6128,2.1405
Who Needs God,0.5031,0.4191,0.2849,0.2151,0.2041,0.206,0.2041,0.1988,0.195,0.1981,0.2628
Loving Thoughts,2.3282,2.1081,1.4498,1.4312,1.4369,1.4689,1.4369,1.4329,1.3731,1.3709,1.5837
Kirkpatrick Mission (Diplomacy Wo Apology Ame at the United Nations 1981 to 85,0.1409,0.1061,0.0989,0.092,0.0911,0.0911,0.0939,0.0961,0.0939,0.0939,0.0998
Bringing up Kids American Style,1.0378,1.3852,1.756,1.8411,1.652,1.6651,1.492,1.5221,1.626,1.2569,1.5234
Maryland Today,1.5619,1.6072,1.5121,1.0769,1.2491,1.858,1.888,1.848,1.884,1.8809,1.6366
Deployment: Hiding Behind Power Struggles as a Character Defense (Psychoanalytic Therapy Series),2.95,2.6622,2.938,2.8319,2.9042,3.3138,1.797,2.106,1.6692,1.6489,2.4821
The Final Days,1.019,0.948,0.9398,0.9122,0.9229,0.9179,0.922,0.9322,1.5099,1.5261,1.055
James Herriot: The Life of a Country Vet,0.412,0.2689,0.2031,0.1948,0.1972,0.1979,0.1981,0.2129,0.201,0.2148,0.2301
The Lisle Letters: An Abridgement,2.352,2.141,2.259,2.8791,3.027,4.864,3.768,3.6159,4.9629,2.213,3.2082
The White Man's Burden: Historical Origins of Racism in the United States (Galaxy Books),1.2879,1.2441,1.219,1.2739,1.1811,1.2109,1.184,2.1951,2.0092,2.0199,1.4825
WORDS FOR EVERYDAY ANIMALS (Words for Everyday),2.929,2.8291,2.8579,3.6042,5.4882,2.9998,2.2252,1.8449,3.1469,2.0802,3.0005
A birthday gift for Mommi,1.95,1.852,1.8501,1.878,1.884,1.6279,1.169,1.0321,1.014,1.0419,1.5299
Vision: A Personal Call to Create a New World,1.1899,1.137,1.112,1.138,1.132,1.117,1.1051,1.1048,1.1301,1.894,1.206
"Three Essays: On Liberty, Representative Government, The Subjection of Women",1.157,1.1799,1.097,2.1598,3.186,2.4381,1.9388,1.6482,1.0738,1.0521,1.6931
The Mozart Companion a Symposium by leading Mozart Scholar,1.374,1.312,1.93,2.1501,2.0158,1.966,2.3139,1.9948,1.4019,1.2941,1.7753
Joshua and the Children: A Parable,1.6191,1.5569,1.5399,1.4882,1.5399,1.5221,1.6711,1.5769,1.502,1.513,1.5529
Red Square,1.096,1.1401,1.076,1.066,1.092,1.0729,1.0872,1.0719,1.0719,1.652,1.1426
Buffalo Gordon,1.4729,1.3142,1.3011,1.2469,1.2951,1.2698,1.26,1.272,2.193,2.131,1.4756
Certain Poor Shepherds: A Christmas Tale,1.2829,1.0781,1.0588,1.065,1.0679,1.076,1.0791,1.075,1.0841,1.0679,1.0935
The New Building Your Mate's Self-Esteem,2.2202,2.337,2.7061,2.161,2.3911,2.208,2.2249,2.1601,2.6569,2.1589,2.3224
Rogue Regimes: Terrorism and Proliferation,2.48,2.4209,2.387,2.4312,2.5618,2.511,2.43,2.506,2.542,2.5129,2.4783
"The Abuse Excuse: And Other Cop-Outs, Sob Stories, and Evasions of Responsibility",3.185,5.002,5.219,4.8449,4.7081,3.51,4.992,4.555,3.2051,3.417,4.2638
Houghton Mifflin Invitations to Literature: Student Anthology Level 1.4 Surprise 1997 (Invitations to Lit 1997),0.7732,0.767,0.752,0.767,0.7889,0.844,1.3361,0.7761,0.746,1.07,0.862
The Pharaohs of Ancient Egypt (Megascope Series),2.0881,2.65,2.8391,2.845,2.7609,2.5179,1.7049,1.631,1.6561,1.7169,2.241
1776-1976: Zweihundert Jahre deutsch-amerikanische Beziehungen = two hundred years of German-American relations : eine Dokumentation (German Edition),1.739,1.7078,1.642,1.6341,1.888,1.7991,1.657,1.6742,1.651,1.6589,1.7051
Dannybird,1.792,1.781,1.7631,2.0349,1.8659,1.791,1.7731,1.7829,1.8392,1.905,1.8328
Technical Manual and Dictionary of Classical Ballet (Dover Books on Dance),1.4391,1.3449,1.8442,2.099,2.054,2.3611,1.3452,1.9031,2.3329,1.6751,1.8399
Life and Death in Shanghai,1.888,1.5481,1.5249,1.564,1.5471,1.6279,1.6091,1.8761,2.1911,1.689,1.7065
100 Favorite Roses (100 Favorite Series),3.237,1.7371,1.761,1.688,1.6801,1.6408,1.6541,1.7641,1.786,1.6639,1.8612
All Around The Town,1.0228,0.948,0.953,0.9751,1.0419,0.9642,0.9599,0.9441,0.946,0.962,0.9717
New World Visions of Household Gods and Sacred Places: American Art and the Metropolitan Museum of Art 1650-1914,1.184,1.251,1.683,1.1749,1.1981,1.2,1.148,1.1511,1.168,1.1868,1.2345
New Stories from the South 2001: The Year's Best,1.123,0.9971,0.999,0.973,0.9899,1.0769,1.0099,1.0071,1.0309,0.983,1.019
Orchids as House Plants,1.3559,1.2362,1.22,1.2639,1.2429,1.245,1.2431,1.2519,1.3092,1.3809,1.2749
The History of the American Sailing Navy: The Ships and Their Development,7.576,3.2749,2.1091,3.0451,2.3141,2.0261,2.1548,2.043,2.017,2.7661,2.9326
"The Experience of Opera (Norton Library, N706)",1.163,1.25,0.89,1.518,1.617,1.575,1.5531,1.0691,0.869,0.8891,1.2393
The pattern of Soviet power,1.2228,1.3971,1.4641,1.1129,1.3001,1.924,1.5869,1.0731,1.09,1.7529,1.3924
"The World of Science Fiction, 1926-1976: The History of a Subculture",2.645,1.8091,2.8179,2.028,1.677,1.9441,2.399,2.6429,2.7511,2.2089,2.2923
Passionate Paradox; the Life of Marie Stopes,1.339,1.781,1.3421,1.529,1.3909,1.5929,2.002,1.976,1.9598,1.868,1.6781
The Law,0.385,0.3622,0.3359,0.361,0.3572,0.3469,0.3841,0.3479,0.3562,0.3538,0.359
Horsewatching: Why does a horse whinny and everything else you ever wanted to know,1.5121,1.1489,0.8719,0.819,0.8039,0.8008,0.8321,0.793,0.814,1.2672,0.9663
Linda Mccartney's Home Cooking,2.0919,1.653,1.405,1.385,1.4122,1.555,1.456,1.4808,1.4331,2.831,1.6703
Herblock's special for today,1.8129,1.2791,1.1179,1.163,1.251,1.08,1.1032,1.0939,1.2,1.1978,1.2299
Beginners Cookbook (Home Library),2.0671,1.5471,1.5759,1.549,1.5299,1.5461,1.5368,1.5321,1.523,1.5581,1.5965
Ghost Light: A Memoir,1.3931,1.2999,1.2321,1.204,1.224,1.2178,1.2431,1.2,1.2331,1.224,1.2471
The Sands of Time: A Hermux Tantamoq Adventure,1.76,1.7002,2.069,2.47,1.982,1.821,1.9221,2.7809,1.729,1.92,2.0154
Murder at the Pentagon,1.8861,1.828,2.4171,2.7611,2.867,2.8741,2.152,1.744,1.74,1.7331,2.2003
The Goomba's Book of Love,1.1551,1.0719,1.056,1.061,1.091,1.1601,1.673,2.254,1.9128,1.2259,1.3661
Stanley Elkin's Greatest Hits,1.08,0.993,0.953,0.984,0.9739,0.9902,0.9749,0.9701,0.9689,0.9789,0.9867
Griffin & Sabine: An Extraordinary Correspondence,4.1211,4.3981,2.7611,2.7308,2.703,2.7761,2.7881,2.732,2.738,2.763,3.0511
"Wine in Everyday Cooking: ""Cooking with Wine for Family and Friends""",1.6,1.7231,1.569,1.5261,1.528,1.5609,1.528,1.55,1.545,2.239,1.6369
Leading Lady: The World and Theatre of Katharine Cornell,2.2318,2.1749,2.2779,2.914,1.6479,2.1951,2.3911,2.481,2.4881,2.3739,2.3176
Invasion of the Mind Swappers From Asteroid 6!,0.1018,0.1531,0.1521,0.145,0.1121,0.1271,0.1419,0.0901,0.1528,0.1769,0.1353
The march of democracy,2.5718,2.9008,2.4798,2.8729,2.6522,2.4168,1.888,1.766,2.542,2.7311,2.4821
Einstein's Monsters,1.8868,3.4621,1.6508,1.6689,1.693,1.637,1.646,1.797,4.3139,3.2761,2.3032
How To Live Through A Bad Day: 7 Powerful Insights From Christ's Words on the Cross,1.884,1.5509,1.8392,1.596,1.785,1.7281,1.5562,1.8871,1.8148,1.864,1.7505
The Ideals Country Kitchen Cookbook,2.2011,2.1391,2.459,2.61,2.5311,2.7089,1.7459,2.0781,2.5351,2.1639,2.3172
The Passenger from Scotland Yard: A Victorian Detective Novel,1.3828,1.379,1.446,1.3478,1.2832,1.1649,1.1621,1.2131,1.1611,1.1778,1.2718
The 27-Ingredient Chili Con Carne Murders,1.519,1.6379,1.4279,1.4141,1.431,1.4491,1.41,1.4169,1.394,1.4379,1.4538
Looking for Alaska,1.4341,1.3399,1.5299,1.369,1.323,1.3549,1.3061,1.292,1.328,1.296,1.3573
Give Us This Day,0.268,0.2241,0.2189,0.2201,0.222,0.2251,0.2251,0.2201,0.221,0.2198,0.2264
Crossing Over Jordan,1.251,1.229,1.3149,1.2569,1.8711,4.9469,1.224,1.2341,1.229,1.2441,1.6801
Sculpture & carving at Washington Cathedral,2.919,1.9729,2.1279,1.7991,1.771,1.8311,1.852,1.8418,2.527,3.2771,2.1919
When Birds Could Talk And Bats Could Sing,1.73,1.106,1.0512,1.1199,1.0798,1.0691,1.054,1.0769,1.066,1.1702,1.1523
Line of Fire: Continuing the Saga of the Corps,1.514,1.426,1.3509,1.801,1.688,1.744,1.7629,1.718,1.7869,2.1319,1.6924
Sun and Shadow,2.229,1.652,1.327,2.1179,1.9732,1.164,1.178,1.1299,1.343,1.5888,1.5703
Heartstring Quilts: Quilts Made Easy (Quilting),1.5268,2.5759,1.8291,1.318,1.3869,1.3721,1.358,1.3161,4.5249,4.6248,2.1833
Crooked Hearts,3.958,3.243,2.0339,3.1669,2.7499,2.285,1.725,2.079,2.2089,2.063,2.5513
The Lower Depths and Other Plays,1.4069,1.1561,1.066,1.096,1.21,1.508,1.2591,1.0831,1.076,1.3199,1.2181
Chanticleer;: The poems of Terry Wise,1.0769,1.3239,1.6761,1.5659,1.0059,0.942,1.647,1.3831,2.4419,2.0392,1.5102
You Know You're A Republican/Democrat If...,6.4201,0.947,0.9179,0.9038,1.6639,1.4069,0.9232,1.1158,1.1132,1.0579,1.647
From Mama's Kitchen,1.6911,2.553,1.909,1.3809,2.037,2.126,2.018,2.2631,1.7209,1.9329,1.9632
The Silence Now: New and Uncollected Early Poems,1.493,1.3502,1.7419,2.2669,1.9581,1.303,1.2889,1.4989,2.0809,1.4648,1.6447
Especially for Mothers,2.3541,2.46,2.3341,1.8342,1.5931,1.941,1.996,1.662,1.6942,1.8139,1.9683
The Big Bite Book of Pizzas,1.3759,1.2462,1.9319,1.1768,1.519,1.4269,1.1511,1.6549,1.9798,2.049,1.5512
Stories In An Almost Classical Mode,1.8601,1.802,1.7061,1.699,1.291,1.5891,1.7161,1.7169,1.7159,1.725,1.6821
Princess Margaret,2.7819,1.8198,2.667,1.729,1.7302,1.6649,1.8141,2.3861,2.8429,2.974,2.241
M'sieu Robin : Lyrics and legends of Jean Baptiste and his friends,2.5311,2.1601,1.384,1.4129,1.3959,1.9898,1.925,1.8191,2.2161,1.847,1.8681
With or Without and Other Stories,2.5649,2.032,1.5161,1.4651,1.9789,2.372,1.9691,1.8709,1.7319,1.5378,1.9039
Parenting Isn't for Cowards: Dealing Confidently With the Frustrations of Child-Rearing,2.3801,3.66,3.0341,2.409,2.295,2.3842,2.192,2.424,3.1621,3.7749,2.7715
Frisky Business: All About Being Owned by a Cat,0.5329,0.4072,0.4039,0.411,0.401,0.4058,0.406,0.407,0.4151,0.4079,0.4198
The Seacoast of Bohemia,2.336,2.3479,2.2411,1.5678,1.8699,1.394,1.7021,1.6251,1.3881,1.3959,1.7868
The Arrival Kit: A Guide for your Journey in the Kingdom of God,0.272,0.221,0.2389,0.267,0.375,0.376,0.371,0.3622,0.36,0.3469,0.319
The Catholic Girl's Guide to Sex,0.452,0.2789,0.248,0.2599,0.3312,0.32,0.242,0.241,0.2391,0.2389,0.2851
In the Shadow of the Ark,0.2899,0.4251,0.674,0.474,0.432,0.4592,0.463,0.4449,0.4621,0.4611,0.4585
The Supernaturalist,4.3008,4.488,4.0131,3.716,2.6321,3.5169,3.3181,2.943,2.6181,3.6089,3.5155
U and I: A True Story,1.312,1.997,1.385,1.58,1.5931,1.6088,1.385,1.1439,1.1389,1.21,1.4354
Love Invents Us,0.1881,0.1411,0.1369,0.1361,0.1359,0.1321,0.1738,0.257,0.2398,0.2332,0.1774
Zero Db and Other Stories,2.547,2.583,2.5909,1.8191,1.472,1.9181,2.4951,2.501,1.5411,1.8389,2.1306
The Heart of a Leader,1.4782,1.5259,1.4532,1.4501,1.442,1.493,1.41,1.4331,1.406,1.636,1.4728
Hefner,1.298,1.313,1.229,1.2681,2.0258,2.11,2.0649,1.467,1.219,1.3001,1.5295
The Secrets of Savvy Networking: How to Make the Best Connections for Business and Personal Success,1.466,1.5869,1.4081,1.3371,1.3859,1.5972,2.079,2.1009,2.0339,1.543,1.6538
A Shaker's Dozen,1.2078,1.123,1.085,1.3182,1.4648,1.4598,1.744,1.72,1.8001,1.5471,1.447
Personal History,1.6339,1.9052,1.4839,1.554,1.714,2.188,1.8899,1.637,1.9951,1.5478,1.7549
Friendship with God: an uncommon dialogue,1.6379,1.7571,1.6041,1.6749,1.6742,2.2509,2.3119,1.7688,1.6539,1.647,1.7981
Extravagant Grace,1.1742,1.229,1.147,1.1799,1.132,1.1151,1.0958,1.199,1.6749,1.1492,1.2096
13 Things You Gotta Know to Make it as a Christian (Powerlink Student Devotional),2.2531,2.178,2.064,2.3041,3.6891,2.3332,2.147,2.023,2.0421,2.0139,2.3048
Dave Barry's Guide to Marriage and/or Sex,0.329,0.2441,0.236,0.231,0.2379,0.2401,0.2339,0.236,0.2301,0.2329,0.2451
The Festival Cookbook: Four Seasons of Favorites,1.7948,1.905,1.7009,1.6899,1.94,1.6711,1.6341,1.9479,1.7271,1.6961,1.7707
Shella,1.4598,1.4188,1.2569,1.2259,1.4,1.586,1.3728,2.0621,1.6742,1.6959,1.5152
What To Cook When You Think There's Nothing in the House To Eat: More Than 175 Easy Recipes And Meal Ideas,1.3678,1.1818,1.096,1.287,1.2259,1.5769,1.4739,1.5271,1.158,1.168,1.3062
Little Vegetarian Feasts: Main-Dish Grains,1.4181,1.2739,1.6191,1.5681,1.8561,1.5829,1.6601,1.2631,1.2848,1.2541,1.478
Stir-Fry (Sunset Creative Cooking Library),1.9159,1.6148,2.0919,2.6479,1.7018,1.775,2.0289,1.539,1.554,1.5609,1.843
Collected Stories of Reynolds Price,1.579,1.538,3.5691,1.7309,1.184,1.1411,1.2031,1.534,1.2331,1.1511,1.5863
DIY Girl,1.0679,1.0939,1.117,0.9379,0.926,0.9351,0.9379,0.922,1.013,0.9501,0.9901
The Divine Pastime: Theatre Essays,1.2848,1.2231,1.204,1.2591,1.3149,2.147,1.847,2.0521,1.8981,1.4782,1.5708
What's Bred in the Bone (Cornish Trilogy),2.774,1.724,1.6639,2.3041,2.3141,1.8041,1.946,1.7021,1.684,1.699,1.9615
Mastering the Zone: The Next Step in Achieving SuperHealth and Permanent Fat Loss,1.2321,1.0159,1.157,1.0161,0.9799,1.477,1.0729,1.03,0.9902,0.998,1.0969
North Carolina Lighthouses,2.2359,2.0542,2.1889,2.2302,3.37,2.3942,4.576,2.1811,2.8951,2.254,2.638
"Analyzing Performance Problems, or You Really Oughta Wanna",1.2069,1.1332,1.1249,1.1401,1.277,1.1079,1.0951,1.169,1.085,1.3402,1.1679
Reviving Ophelia: Saving the Selves of Adolescent Girls (Ballantine Reader's Circle),2.758,1.4949,1.7028,2.0919,2.6829,1.945,1.5359,1.4749,1.6401,1.7831,1.911
Napoleon and Hitler,1.3051,1.276,1.2729,1.4522,2.2891,2.116,1.5109,1.298,5.2419,2.7308,2.0493
Encounter and Encouragement: A Bicentennial Review of German-American Relations,3.2771,2.043,2.1679,2.8119,2.075,2.3079,2.883,3.0301,2.1012,2.1598,2.4857
Too Busy to Clean,1.2078,1.2128,1.1342,1.091,1.0879,1.111,1.359,5.06,6.1071,2.2461,2.1617
Keeping Your Kids Catholic: It May Seem Impossible but It Can Be Done,1.338,1.065,1.0571,1.2999,1.1182,1.354,3.212,1.096,1.054,1.0622,1.3656
Vines (Burpee American Gardening Series),1.766,2.4521,3.0861,2.207,1.924,3.0451,1.817,1.6041,1.559,1.8029,2.1263
Roads to Antietam,1.9028,1.8458,4.2982,3.449,1.929,1.7951,1.7869,2.1811,2.9061,2.593,2.4687
Nursery Rhymes: A Collection from Mother Goose (Illustrated Library for Child.),1.6,1.7989,2.3589,1.3781,1.3521,1.3311,1.6739,1.73,2.0921,1.941,1.7256
The Art of Cooking with Herbs & Spices,1.617,1.7071,1.4789,1.6191,1.261,2.6112,2.471,2.908,2.2111,1.791,1.9675
The uncommon cookbook,1.951,1.5891,1.668,1.5562,1.5929,1.5821,1.5619,1.55,1.5471,1.5581,1.6156
List Your Self: Listmaking as the Way to Self-Discovery,2.676,2.8281,2.677,2.6369,2.63,2.6388,2.645,3.387,2.7099,2.6321,2.7461
The Insider's Guide to Getting Published: Why They Always Reject Your Manuscript and What You Can Do About It,0.2511,0.1879,0.181,0.174,0.175,0.1791,0.1831,0.1841,0.1779,0.1781,0.1871
"Walking the Cat by Tommy "" Tip"" Paine: Gordon Liddy Is My Muse II",0.191,0.1531,0.1519,0.145,0.1519,0.1512,0.149,0.1538,0.1552,0.154,0.1556
The Theory of the Modern Stage: An Introduction to Modern Theatre and Drama,1.509,2.4691,1.6081,1.2331,1.96,1.714,1.616,1.1549,1.1241,1.1098,1.5498
Mistler's Exit,1.014,1.0591,1.2419,1.3351,0.9339,1.055,0.9308,1.0681,1.5731,1.466,1.1677
Small Patchwork & Quilting,2.2771,1.6401,1.462,1.435,3.016,2.219,1.4491,1.379,1.3192,1.3468,1.7543
A Portfolio of Outdoor Furnishing Ideas (Portfolio Ofideas),2.5468,1.9588,2.5132,2.1939,2.0521,1.4791,1.5039,1.9939,2.8009,2.4061,2.1449
Cooking With Helen McCully Beside You,0.2849,0.232,0.236,0.3049,0.2949,0.2799,0.2782,0.2708,0.2592,0.252,0.2693
Christopher Idone's Glorious American Food,1.0829,1.0428,0.972,0.9382,0.916,0.9139,0.9222,0.9179,0.9141,0.962,0.9582
Family portrait,2.3782,1.7319,1.7002,1.766,1.72,1.683,1.909,2.8841,2.6231,1.7619,2.0157
The Whole Shebang: A State-of-the-Universe(s) Report,1.5059,1.395,1.482,2.2292,2.2759,1.6761,1.3759,1.5142,3.036,2.9559,1.9446
Eating Well for Optimum Health: The Essential Guide to Bringing Health and Pleasure Back to Eating,1.6699,1.6069,1.7588,1.5919,1.586,3.0289,1.642,1.7929,2.4941,2.794,1.9965
Teverton Hall,1.564,2.8889,2.167,1.0571,1.492,1.405,1.2951,1.148,1.2751,1.9629,1.6255
Inference of guilt,1.6642,1.7939,2.326,2.7332,1.7948,2.1591,1.7569,1.467,1.2262,1.2629,1.8184
Lines in the Sand: Desert Storm and the Remaking of the Arab World,1.4961,1.5008,1.76,2.028,1.7941,1.4579,1.3409,1.6041,2.2061,2.3439,1.7532
The Witling,2.1679,2.3968,1.9989,1.6251,1.404,1.349,1.3671,3.2198,2.305,2.449,2.0283
The Courage to Be Rich: Creating a Life of Material and Spiritual Abundance,2.249,2.141,1.756,1.7309,1.977,1.703,2.0461,3.546,2.7671,2.424,2.234
Our Nature,2.2171,2.738,2.3031,2.3329,1.6959,2.2371,1.868,1.704,1.8551,1.292,2.0243
The Gift of Sex: A Guide to Sexual Fulfillment,2.3601,3.9752,2.1319,2.0239,1.8001,7.158,4.3471,4.0939,3.3631,4.6639,3.5917
Basic Principles of Classical Ballet,2.413,1.8141,1.508,1.3089,2.089,1.2991,1.2848,1.348,1.9031,1.5478,1.6516
The Biblical Road to Blessing,2.0821,1.945,2.2199,2.3701,1.6799,1.4801,1.4529,1.5471,1.5969,1.5461,1.792
Remembered Laughter: The Life of Noel Coward. Orig Pub in Great Britain Under Title: Life of Noel Coward,1.3518,1.39,1.442,1.972,2.311,1.436,1.827,2.1701,1.7591,1.4751,1.7134
Peanuts: A Golden Celebration: The Art and the Story of the World's Best-Loved Comic Strip,1.3492,1.544,1.421,1.168,1.251,1.1868,1.225,1.1961,1.2701,1.2119,1.2823
Other loyalties;: A politics of personality,2.3718,2.512,4.142,2.5501,2.459,2.4939,2.291,6.959,2.2881,2.2249,3.0292
The Language of Life: A Festival of Poets,1.2209,1.1621,1.163,1.3111,5.064,1.2381,1.2441,1.1961,1.2038,1.4131,1.6216
The Shutterfly Guide to Great Digital Photos (CLS.EDUCATION),2.2452,2.2171,3.5679,4.3981,2.8901,2.6579,2.3639,4.1881,2.2922,2.1429,2.8963
Henry VIII and His Court,1.5888,1.2228,1.3041,1.472,2.553,1.4212,1.3459,1.9832,1.595,1.2882,1.5774
The New Grove Mozart,1.3089,1.493,1.4338,1.2228,1.2672,1.7519,1.8141,1.2159,1.1849,1.1902,1.3883
Short bike rides in New Jersey,1.6351,1.384,1.2619,1.229,1.3571,1.466,2.351,2.877,1.5929,1.6801,1.6834
Pledged: The Secret Life of Sororities,3.5329,3.4981,2.9981,2.1579,2.1961,2.249,2.1489,2.265,2.7201,2.9519,2.6718
Smoky Mountains Trout Fishing Guide,2.7468,1.7881,1.6389,1.7772,1.4701,1.1828,1.569,1.5118,1.0328,1.009,1.5727
A Thing or Two About Soccer,1.4398,1.591,1.3781,1.296,1.3349,1.5681,1.3211,1.471,1.7371,1.3859,1.4523
Guide to Cults and New Religions,3.3529,2.3122,1.9979,2.0061,2.13,2.526,2.0099,2.1632,2.0509,2.0111,2.256
"Preparatory Piano Literature: Origianl Keyboard Classics With Optional Teacher Duets, Elementary (Developing Artist)",1.899,1.7591,1.7638,1.7211,2.9759,3.952,1.9848,1.838,1.684,2.001,2.1579
Winter Has Lasted Too Long,1.0929,0.9949,0.9761,1.1909,1.477,1.2159,1.0781,1.049,1.138,1.065,1.1278
"Iron Man: The Cal Ripken, Jr. Story",1.1539,1.0891,2.0468,1.2889,1.6501,1.684,1.6139,1.3261,1.1051,1.179,1.4137
The Only Way I Know,0.9391,0.8619,0.922,1.4849,0.9041,0.9611,0.9329,0.927,0.9711,1.066,0.997
Knots on a Counting Rope (Reading Rainbow Books),1.312,1.2889,1.2281,1.4081,1.2209,1.168,1.2,1.384,1.78,1.2021,1.3192
New Ways With Fresh Flowers: 50 Inspirational Projects for Contemporary Floral Designers,1.8692,1.919,2.1191,1.816,1.842,2.569,1.8981,1.812,1.9429,1.8291,1.9616
QPB Encyclopedia of Word & Phrase Origins,1.7581,1.713,1.5819,1.569,1.8041,3.1741,2.8651,1.58,1.5681,3.0088,2.0622
German A La Cartoon,1.8361,1.756,1.574,1.8539,1.5931,1.615,1.8418,1.7009,1.611,1.5969,1.6979
The Complete Idiot's Guide to Getting Published,1.986,1.5311,1.539,1.528,1.8039,1.5521,1.95,1.7171,2.9769,2.378,1.8962
Death Gets a Time-Out (Mommy-Track Mysteries),3.8259,7.8492,3.037,3.0391,2.0649,2.069,1.6921,1.9641,1.713,1.677,2.8931
The Reader's Companion to South Africa,1.935,6.1131,1.426,1.343,1.3821,1.5519,1.7629,1.8489,1.3351,1.4529,2.0151
Dealing With People You Can't Stand,1.2639,1.1621,1.1351,1.189,1.4958,1.2159,1.2009,1.1921,2.2559,1.168,1.3279
Operation Redemption: A Vision of Hope in an Age of Turmoil,1.466,1.3971,1.5719,1.4341,1.3959,1.3349,1.4391,1.574,1.5519,1.4238,1.4589
Let Freedom Ring: Winning the War of Liberty over Liberalism,2.0401,1.9841,1.8709,2.039,5.5728,2.275,1.853,1.9159,3.109,3.3569,2.6017
Hamlet (Oxford World's Classics),2.291,4.02,2.2299,2.269,2.0678,5.1718,4.1108,2.214,2.4731,2.2421,2.909
The Playboy of the Western World and Other Plays: Riders to the Sea; The Shadow of the Glen; The Tinker's Wedding; The Well of the Saints; The Playboy ... of the Sorrows (Oxford World's Classics),2.8489,2.115,2.5389,4.307,3.1271,1.7791,1.893,2.4641,1.888,1.739,2.47
Grandparenthood,3.0808,2.7599,2.995,2.9862,4.153,2.811,3.0401,2.908,3.2871,2.9061,3.0927
Twelve,1.348,1.1799,1.138,1.1361,1.6091,5.971,1.7869,1.951,1.7879,1.364,1.9272
"Cycles of Fire: Stars, Galaxies and the Wonder of Deep Space",1.169,1.123,1.066,1.1361,1.3881,1.1411,1.2479,2.7201,1.3762,1.1671,1.3535
The Dancing Healers: A Doctor's Journey of Healing with Native Americans,2.0559,2.116,2.7039,2.243,2.9972,1.904,2.306,2.037,1.951,2.0831,2.2397
Time Exposure: A Photographic Record of the Dinosaur Age,0.2649,0.2182,0.226,0.217,0.252,0.226,0.212,0.2179,0.222,0.246,0.2302
"The Way of the Trout: Anglers, Wild Fish and Running Water",1.6689,1.3092,1.2269,1.1721,1.1702,1.169,1.265,1.416,1.184,1.1418,1.2723
Hope Was Here (Newbery Honor Book),1.1911,1.2519,1.189,1.318,1.05,2.8839,1.0221,1.0469,1.1232,1.066,1.3142
A Tale of Two Cities (Oxford World's Classics),2.126,1.7629,2.8691,1.9951,1.6961,1.7231,1.8818,1.7779,1.7531,1.9438,1.9529
Frank Sinatra: An American Legend,1.9441,4.42,1.338,1.3261,1.286,1.327,1.689,1.277,1.2851,1.5891,1.7481
WP8 - Theory Lessons - Level 2 - Bastien Piano Library,5.5599,1.405,1.3781,1.3969,1.3521,1.523,1.977,2.8141,2.388,1.575,2.1369
Who Owns America?,1.905,1.8871,1.797,1.7409,1.7071,2.151,3.473,3.5889,2.4922,2.624,2.3366
Bloodsong,3.5908,3.3519,3.0119,2.887,2.2161,2.7471,3.088,1.888,1.513,1.5218,2.5816
The Vampire Book: The Encyclopedia of the Undead,1.2689,1.1721,1.1871,1.1799,1.184,1.2519,1.3871,1.4379,1.8291,2.0199,1.3918
A Midsummer Night's Dream (Oxford World's Classics),2.074,1.8079,1.766,1.9481,2.4521,1.858,1.904,1.7622,1.73,1.9281,1.923
Bob Miller's Calc for the Clueless: Calc I (Bob Miller's Clueless Series),1.8029,1.7049,6.1412,3.5381,1.755,1.6961,1.7719,1.9879,1.7672,1.869,2.4034
Mariel of Redwall,1.6,1.5838,1.528,1.6098,1.538,1.493,1.627,4.1349,2.012,1.5199,1.8646
The Body Book: A Fantastic Voyage to the World Within,1.3049,1.236,1.23,1.209,1.2481,1.23,1.5681,1.2178,1.4112,1.436,1.3091
Nerilka's Story (Dragonriders of Pern Series),1.744,1.646,1.7631,1.821,1.6201,1.94,2.043,1.6391,1.683,1.976,1.7875
Americas: The Changing Face of Latin America and the Caribbean (A Main Selection of the History Book Club),1.061,0.9921,1.003,0.9999,1.085,1.0312,0.9849,1.152,1.8911,1.5409,1.1741
"Mayo Clinic On Vision And Eye Health: Practical Answers on Glaucoma, Cataracts, Macular Degeneration & Other Conditions (""MAYO CLINIC ON"" SERIES)",1.8201,1.677,1.833,2.7611,3.3691,3.6891,3.5629,1.714,1.74,1.7488,2.3915
Parrot in the Oven: Mi vida (Cover May Vary),2.7721,2.7459,1.2019,1.4369,1.5309,1.143,1.3111,2.4629,2.3849,2.0189,1.9009
A Passion for Golf: The Best of Golf Writing,1.6201,1.477,1.5721,1.632,1.4672,1.405,1.7149,1.627,1.3852,1.497,1.5398
The Way of the Wizard: Twenty Spiritual Lessons for Creating the Life You Want,1.3881,1.286,1.2412,1.2341,1.2348,1.507,1.1902,1.1511,1.236,1.128,1.2597
Handmade for Profit!: Hundreds of Secrets to Success in Selling Arts and Crafts,2.0542,1.7259,1.5709,3.135,4.863,1.7712,1.3769,1.4122,2.084,1.4391,2.1432
Totline Teaching Tales ~ Short-Short Stories ~ Simple Stories For Young Children Plus Seasonal Activities,2.1911,2.4631,2.121,2.1601,2.8789,4.5402,2.29,2.1961,2.4199,2.177,2.5437
Treasury Whole Language Literature Ideas (Troll Teacher Idea Books),1.436,1.781,1.6301,1.5202,1.241,1.8351,2.0511,2.0289,1.6282,1.9021,1.7054
Meet the Author (Troll Professional Series),2.0549,2.347,1.801,1.744,2.1598,1.74,1.6429,1.9932,2.8141,1.724,2.0021
"Adventuring Along the Southeast Coast: The Sierra Club Guide to the Low Country, Beaches, and Barrier Islands of North Carolina, South Carolina, and (Sierra Club Adventure Travel Guides)",1.5681,1.3781,1.3359,1.2932,1.3549,1.5419,3.979,1.7879,1.4482,1.318,1.7005
Totline Teaching Tales ~ Teeny-Tiny Folktales ~ Simple Folktales For Young Children Plus Flannelboard Patterns,1.7452,1.8668,2.4891,2.4741,2.079,1.72,1.6911,2.753,1.7529,1.7991,2.037
"Discovering Oceans, Lakes, Ponds and Puddles",1.5121,1.313,1.5221,2.202,1.5192,1.251,1.265,1.2059,1.446,1.2579,1.4494
Game Birds Of North America,1.641,1.5578,1.8651,5.8179,1.5788,1.5521,1.5631,11.832,2.1682,1.5509,3.1127
The Birdwatcher's Companion,1.852,2.862,2.0981,1.8101,2.553,1.96,1.9588,2.9171,4.0359,3.4149,2.5462
"Stalking birds with color camera,",1.8659,1.523,1.6851,2.6829,1.5588,2.1088,1.4958,1.6942,2.259,2.703,1.9577
Glorious French Food: A Fresh Approach to the Classics,1.9112,2.727,2.357,1.9138,1.9929,1.8821,1.5929,1.5721,1.5571,1.7738,1.928
The Portrait of a Lady (Oxford World's Classics),1.828,1.9069,2.475,1.78,1.7719,1.9081,5.008,2.3711,3.1781,3.02,2.5247
"Wilderness kingdom, Indian life in the Rocky Mountains: 1840-1847;: The journals & paintings of Nicolas Point",2.1389,2.1369,1.6019,2.0239,1.596,1.7369,1.6129,1.339,1.2832,1.61,1.708
Managing Transitions: Making The Most Of Change,1.6379,1.276,1.3151,1.426,1.5471,1.476,1.353,1.4861,1.8179,1.3921,1.4727
False Assumptions,3.5009,3.8381,3.432,2.754,2.6231,2.162,2.121,2.3088,2.213,2.2008,2.7154
"Mortgaging The Earth: The World Bank, Environmental Impoverishment, and the Crisis of Development",2.2461,2.2221,2.4381,2.3789,2.4018,3.114,3.2971,2.6309,2.0709,2.3971,2.5197
Banff Springs the Story of a Hotel,1.3652,1.1981,1.251,1.4451,1.282,1.188,1.2789,1.1899,1.344,1.2391,1.2781
Origins Of History,1.543,1.4949,1.6069,1.9841,2.126,2.1439,1.482,1.4749,1.456,1.7161,1.7028
What Bird Did That?: A Driver's Guide to Some Common Birds of North America,1.703,1.61,1.5678,2.2888,1.698,1.6248,1.8101,1.5938,1.5612,1.6351,1.7093
A Separate Peace with Connections (HRW Library),1.7381,1.677,3.438,1.647,1.5678,1.5359,1.806,1.5731,1.5631,1.775,1.8321
Inner Revolution,3.0758,2.6939,2.2619,2.3811,2.1451,4.5271,2.4159,2.0969,2.265,2.6591,2.6522
Lost Cities of the Maya (Discoveries),2.2922,2.032,3.2949,2.9502,1.914,1.9159,2.0981,1.9801,1.8799,3.5782,2.3936
Life in Ancient Egypt,3.0811,2.6331,1.914,1.56,1.332,1.0271,1.503,1.019,1.0052,1.0939,1.6168
25 Bicycle Tours in New Jersey,1.786,2.1698,2.0339,1.3099,1.3359,1.2531,1.332,1.601,1.2419,1.2112,1.5275
The World of the Ancient Maya,0.9971,1.0149,1.2381,0.9561,0.9449,0.9441,0.936,0.937,1.024,0.957,0.9949
A delicately personal matter: A J.D. Mulroy mystery novel,3.432,2.224,1.159,1.1451,1.138,1.122,1.2739,1.1618,1.1611,1.111,1.4928
Terrorism and Democracy,2.7499,6.367,5.9249,2.8839,2.454,1.9062,1.827,1.791,3.3052,3.8521,3.3061
A Son of Thunder: Patrick Henry and the American Republic,1.8098,1.781,1.9991,1.8311,1.72,1.7111,1.894,4.8361,1.7221,1.7259,2.103
Cam Jansen and the Triceratops Pops Mystery #15,0.1838,0.1199,0.118,0.118,0.118,0.1168,0.1152,0.1149,0.1149,0.1168,0.1236
Summerland,2.1119,1.802,1.78,2.151,2.3489,2.6889,2.0342,1.771,1.7519,1.9162,2.0356
Three Gospels,1.4482,1.7679,1.3802,1.4939,1.348,1.3461,1.3139,1.488,1.3418,1.3578,1.4286
Creative Conversations: The Writer's Complete Guide to Conducting Interviews,2.1808,3.4771,3.263,5.245,2.089,2.1369,3.1219,2.625,3.381,3.5832,3.1103
Doing It,0.4601,0.3829,0.3641,0.3359,0.4909,0.1838,0.351,0.217,0.1919,0.1771,0.3155
The Wind in the Willows (Children's Classics),2.1999,2.1389,2.4452,1.7838,1.7512,2.2299,1.832,1.899,2.1231,1.7991,2.0202
500 Full-Size Patchwork Patterns,1.857,3.33,1.8101,1.94,2.1369,2.146,1.9209,1.919,1.7312,1.7021,2.0493
Cases in managerial finance (The Dryden Press series in finance),2.0108,1.7049,1.647,2.1448,1.75,1.6339,2.1391,1.6501,1.744,1.8361,1.8261
Stress And The Family: Coping With Normative Transitions (Psychosocial Stress Series),2.198,1.997,2.8701,1.951,1.7648,2.079,1.811,1.827,1.9751,2.1288,2.0602
Demon of the Waters: The True Story of the Mutiny on the Whaleship Globe,1.158,1.0958,1.137,1.3828,1.0719,1.0099,1.0381,1.0359,1.1961,1.0171,1.1143
The Tiananmen Papers : The Chinese Leadership's Decision to Use Force Against Their Own People - In Their Own Words,4.375,1.7409,1.21,1.1902,1.2,1.4529,1.3309,1.1542,1.1311,1.1759,1.5961
Struggle for Intimacy (Adult Children of Alcoholics series),2.0869,4.669,2.1958,2.048,1.663,1.9219,1.6809,1.7872,2.3479,1.7271,2.2128
550 Home Landscaping Ideas,1.1721,1.147,1.668,1.7331,1.9879,1.72,1.1671,1.411,3.8438,1.214,1.7064
Money Harmony: Resolving Money Conflicts in Your Life and Relationships,2.7831,4.3039,4.3719,2.836,3.0129,2.7192,2.9829,2.8689,4.0772,2.769,3.2725
Who Says Elephants Can't Dance?:  Inside IBM's Historic Turnaround,2.1749,1.925,1.93,2.389,2.003,1.893,2.0962,1.92,1.9,2.1122,2.0343
The Expert's Guide To Backyard Birdfeeding,2.178,3.3882,2.2628,2.1369,2.6131,2.1791,2.1,2.341,2.255,2.9931,2.4447
Totline 123 Puppets (1 2 3 Series:  Language Ages 2-6),1.122,1.081,1.0622,1.034,1.169,0.845,1.091,0.9689,0.6351,0.6568,0.9665
American Artists On Art: From 1940 To 1980 (Icon Editions),2.1551,3.7339,3.7479,2.382,2.8801,3.0069,2.9759,1.9681,1.8981,2.3,2.7048
Swan watch,1.3452,1.348,1.209,1.5249,2.1882,1.91,1.776,1.298,1.1771,1.164,1.494
The American musical theater;: A consideration (A CBS Legacy collection book),1.1671,1.7049,1.395,1.1389,1.205,2.3301,1.0788,1.0719,1.0872,1.0641,1.3243
The Princess Test (Princess Tales),1.601,1.4968,1.4348,1.4441,1.622,6.13,1.4219,1.4031,1.4269,1.4589,1.944
The Nature of Theatre.,1.6422,1.5938,1.59,1.5981,1.61,1.6,1.5769,1.6069,1.5881,1.564,1.597
Interactive Bulletin Boards,1.4839,1.364,1.3881,1.3728,1.3881,1.3421,1.3759,1.358,1.348,1.4181,1.3839
Parthian Words,1.225,1.2021,1.1559,1.1911,1.219,1.1759,1.1871,1.1899,1.1601,1.178,1.1884
Best Cat Stories,1.5819,1.7591,1.857,2.1751,1.909,1.57,1.802,1.8299,1.554,1.498,1.7536
Religion in America: An historical account of the development of American religious life,1.492,0.9878,1.024,1.1718,1.0409,1.123,1.3959,1.0819,0.9911,1.0319,1.134
Why Can't I Fall in Love? A 12-Step Program,1.5981,1.725,1.843,1.451,1.8289,1.4911,1.4699,3.5861,3.4649,1.785,2.0243
Wolf in the Shadows (A Sharon Mccone Mystery),1.6012,1.493,1.374,1.6611,1.543,2.285,1.925,1.4441,1.399,1.364,1.6089
Just Build the Ark and the Animals Will Come:: Children on Bible Stories,1.672,1.5059,1.488,1.5292,1.5719,1.6019,1.466,1.4989,1.487,1.482,1.5303
A Man for All Seasons: A Play in Two Acts,1.1909,1.106,1.034,1.544,1.6649,1.0681,1.133,1.0719,1.4391,1.287,1.2539
Jeremy: The Tale of an Honest Bunny,1.4541,1.2691,1.2338,1.0378,1.0591,1.0941,1.0281,1.0328,1.1432,1.43,1.1782
Invisible No More: The Secret Lives of Women Over 50,0.3099,0.206,0.1922,0.1769,0.181,0.1791,0.1822,0.186,0.1831,0.1838,0.198
Harrap's Spanish and English Pocket Dictionary (Harrap's Dictionaries),2.996,2.357,2.4071,3.0169,2.553,2.4171,2.3241,2.4149,2.331,2.4531,2.527
The National Air and Space Museum,1.4529,1.2701,1.173,1.1652,1.133,1.1768,1.1189,1.2181,1.132,1.1809,1.2021
Free Flight: From Airline Hell to a New Age of Travel,1.708,1.3311,1.452,1.4479,1.6258,2.244,2.0258,1.636,1.369,1.292,1.6132
The Book of Massage: The Complete Step-by-Step Guide To Eastern And Western Techniques,2.0301,3.6039,3.1428,2.1849,2.2402,2.558,2.7142,4.2651,4.8921,3.576,3.1207
The practice of social research,2.5141,3.8419,2.291,2.326,1.9062,1.822,1.8389,1.806,2.0001,4.369,2.4715
"Endangered Pleasures: In Defense of Naps, Bacon, Martinis, Profanity, and Other Indulgences",4.101,4.06,2.6941,2.564,2.7292,2.1489,2.0571,2.0809,2.0552,2.8419,2.7332
Hosting the Birds: How to Attract Birds to Nest in Your Yard,1.9429,2.0301,1.1711,2.1698,1.585,1.724,1.4489,1.2739,1.1871,1.029,1.5562
Families on the Fault Line,1.5719,2.279,1.6971,1.4601,1.909,3.0141,2.3448,1.4758,3.2029,2.2612,2.1216
Our Last Best Shot: Guiding our Children Through Early Adolescence,3.3388,3.197,3.0868,6.391,3.4389,2.8009,2.1648,2.3232,2.7659,3.279,3.2786
Intermediate Algebra Functions and Authentic Applications,3.2439,5.131,3.3391,2.692,2.13,2.104,2.696,3.3901,2.564,2.346,2.9636
The Clustering of America,2.2759,1.935,1.925,1.7729,1.899,1.6079,1.554,1.6332,1.5728,1.606,1.7782
"Nelson Rockefeller,: A biography",1.8101,3.407,4.6821,2.804,1.8811,1.838,1.667,1.6458,1.817,1.79,2.3342
The PreHistory of The Far Side: A 10th Anniversary Exhibit (Volume 14),0.1919,0.134,0.1328,0.133,0.129,0.134,0.1311,0.128,0.1259,0.1249,0.1365
Double Buckeyes: A Story of the Way America Used to Be,0.2022,0.1738,0.1721,0.169,0.17,0.17,0.17,0.175,0.1669,0.1659,0.1735
Investment Biker: Around the World With Jim Rogers,1.472,1.354,1.4472,2.389,2.3491,2.044,1.7879,1.56,1.8909,2.2781,1.8572
Lyndon Baines Johnson: Late a President of the United States: Memorial Services in the Congress of the United States and tributes in eulogy,2.6672,2.7609,1.7221,2.9461,2.0111,1.431,1.38,1.3041,1.3039,1.339,1.8865
Readings in art history,1.5261,1.436,1.492,2.0599,1.6239,1.6,1.5161,2.9202,3.557,2.969,2.07
Shakedown: Exposing The Real Jesse Jackson,2.2011,2.244,2.1012,2.321,1.631,2.4941,2.269,2.5761,1.9679,2.095,2.19
"The Man Who Saw Through Time (The Scribner Library, Lyceum Editions, No. SL429)",1.837,1.188,1.1909,1.2178,1.0991,1.1621,1.123,1.235,1.7018,1.4212,1.3176
Speaking Out for Animals: True Stories About People Who Rescue Animals,2.054,1.7538,1.699,1.5781,1.5769,1.785,1.76,2.104,2.1291,2.0092,1.8449
Message from Forever: A Novel of Aboriginal Wisdom,1.286,1.282,1.43,1.153,1.122,1.1251,1.138,1.272,2.4831,1.9932,1.4284
A Prophet In His Own Country: The Triumphs and Defeats of Adlai E. Stevenson,1.9329,1.8089,1.76,1.8649,2.027,2.033,3.7458,5.275,3.9868,2.315,2.6749
"Hacking Exposed: Network Security Secrets & Solutions, Third Edition (Hacking Exposed)",1.7588,1.4701,1.497,1.502,1.4911,1.488,1.4889,1.4429,1.662,1.6069,1.5408
Aditi: The Living Arts of India,1.173,2.811,1.4331,1.2529,1.3449,5.163,1.7629,3.396,2.002,1.1849,2.1524
Shuffle Up and Deal: The Ultimate No Limit Texas Hold 'em Guide (World Poker Tour),1.322,1.1671,1.1671,1.4489,1.127,1.3809,3.3221,1.761,1.689,1.9238,1.6309
Practical Small Gardens,4.319,3.1741,1.9529,1.9422,1.874,2.0051,1.889,1.682,2.3749,2.1248,2.3338
A Taste for Love: A Romantic Cookbook for Two,0.304,0.2592,0.2589,0.4189,0.452,0.4342,0.428,0.3929,0.3841,0.3772,0.3709
Venom of Argus,2.5129,2.192,4.9231,3.782,2.4371,1.9379,1.7521,1.436,1.219,1.1911,2.3383
The Closing of the American Mind,1.0769,1.03,1.081,1.0421,1.0231,1.004,1.0118,0.9961,1.009,1.0929,1.0367
Fight Fat After Forty,2.2581,1.8589,1.852,1.1861,1.2269,2.1391,3.6569,2.7111,3.1571,2.367,2.2413
On the Edge of Cliff,1.9839,1.4811,1.1871,1.0819,1.065,1.1101,1.0939,1.0581,1.0679,1.065,1.2194
Romans,1.4641,5.182,1.5171,1.972,2.5611,1.651,2.4199,2.3141,2.1911,4.1251,2.5398
Ain't You Glad You Joined the Republicans?: A Short History of the Gop,0.4671,0.3619,0.2251,0.2091,0.3059,0.303,0.2902,0.2809,0.277,0.2611,0.2981
The Professional: Lyndon B. Johnson,1.4632,1.255,2.3029,2.954,4.04,5.733,3.571,2.0411,1.652,2.4631,2.7475
Don't Know Much About the Bible: Everything You Need to Know About the Good Book but Never Learned,5.2869,2.028,2.4939,2.3701,1.7819,1.5819,1.858,1.7231,1.586,1.591,2.2301
The Power of Nice,1.1301,1.2529,1.9531,1.0591,1.735,1.5719,1.116,1.0719,0.998,0.9851,1.2873
Bringing Out the Best in Your Child: 80 Ways to Focus on Every Kid's Strengths,2.2361,2.2659,1.8039,1.9541,1.8589,1.8451,1.8301,1.8098,1.874,1.8921,1.937
Dave Barry's Stay Fit and Healthy Until You're Dead,1.1501,1.363,0.999,1.112,1.1241,1.1671,1.003,0.9999,1.0211,1.0128,1.0952
Language and Myth,0.8979,0.7799,0.772,0.823,0.8271,0.808,0.7901,0.8049,1.215,1.925,0.9643
Ripken: Cal on Cal,0.3278,0.2801,0.3381,0.242,0.2351,0.2308,0.2341,0.2351,0.232,0.2329,0.2588
German in 32 Lessons (Gimmick Series),1.9641,1.7221,1.6661,1.7319,2.1391,1.694,2.2359,1.7412,2.038,1.8659,1.8798
24 Essential Lessons for Investment Success: Learn the Most Important Investment Techniques from the Founder of Investor's Business Daily,1.282,1.1489,1.204,1.157,1.1652,1.143,1.2219,1.3058,1.2329,1.3452,1.2206
Many Waters,1.3731,1.3089,1.3242,1.3199,1.3909,2.275,2.465,1.6439,1.3568,1.3132,1.5771
The Last Debate:  A Novel of Politics and Journalism,2.3189,2.353,1.7829,1.894,3.212,1.8129,2.2559,2.1169,1.9231,2.449,2.2119
"Parents in Charge: Setting Healthy, Loving Boundaries for You and Your Child",1.3249,1.091,1.0469,1.4181,1.9741,1.9541,1.9739,1.9529,1.868,1.929,1.6533
Prep (Junior Library Guild Selection),3.9659,2.589,3.648,2.1091,2.2149,2.1751,2.152,2.3611,2.2721,2.171,2.5658
This Lullaby,1.3452,1.3208,1.327,1.3289,1.318,1.333,1.3759,1.3421,1.2879,1.272,1.3251
"No mean city,: An inquiry into civic greatness,",2.028,3.0589,4.9129,3.479,3.109,2.0909,1.8849,1.9341,1.9419,1.992,2.6432
ROLLING THUNDER: Jet Combat From WW II to the Gulf War,0.2701,0.2279,0.2179,0.2201,0.2429,0.241,0.2401,0.2379,0.241,0.2391,0.2378
The Everything Cover Letter Book (Everything),2.1739,2.104,2.198,2.074,2.1279,2.0859,2.4559,2.1009,2.1961,2.085,2.1602
"Norman Mark's Chicago: Walking, bicycling & driving tours of the city",1.1792,1.0629,1.0781,1.0359,1.0321,1.025,1.1101,1.0641,1.0269,1.04,1.0654
Believing in Jesus,1.1871,1.1139,1.0881,1.0729,1.0881,1.0941,1.0929,1.0941,1.0669,1.0831,1.0981
Irish Druids and Old Irish Religions,2.2862,2.135,2.1918,2.1021,2.1219,2.1231,2.1019,2.203,2.2118,2.1861,2.1663
Eat Smart for a Healthy Heart Cookbook,2.2521,1.709,1.6689,1.6639,1.6401,1.641,1.7581,1.7109,1.6451,1.703,1.7392
I Can Print A to Z (Wipe-off Activity Book--Reusable),3.2489,6.8569,2.727,3.2492,2.511,2.5749,2.497,2.949,3.02,2.701,3.2335
1-2-3 Murals: Simple Murals to Make from Children's Open-Ended Art,0.3319,0.2651,0.361,0.267,0.2611,0.263,0.262,0.2539,0.2749,0.2592,0.2799
A Book of Americans,2.1422,3.227,2.193,2.058,1.9429,1.9131,1.9269,1.956,1.8771,5.589,2.4825
The Pleasures of Watching Birds,1.1921,1.137,1.184,1.0929,1.087,1.101,1.106,1.1039,1.1048,1.1952,1.1304
Young Men and Fire,1.0819,1.0111,1.2279,1.029,1.0049,1.004,1.08,1.0591,1.241,1.22,1.0959
The Heritage of British Literature,2.178,2.3022,2.0559,2.001,2.075,2.054,2.1009,2.1749,2.0621,6.418,2.5422
Creating Sanctuary: A New Approach to Gardening in the Washington Metropolitan Area,1.2932,1.193,1.168,1.1849,1.1661,1.1668,1.1802,1.2169,1.1821,1.1971,1.1948
Spain (Culture Shock! A Survival Guide to Customs & Etiquette),2.059,1.9779,2.013,1.9851,2.018,2.0101,2.96,2.0711,1.9848,2.022,2.1101
The Metropolitan Museum of Art: The Cloisters; the Building and the Collection of Medieval Art in Fort Tryon Park,1.164,1.1041,1.1108,1.2288,1.0998,1.0722,1.065,1.0948,1.0798,1.0641,1.1083
Second Treatise of Government,2.754,3.0661,2.522,2.2531,2.089,2.6329,1.8058,2.0401,1.862,1.8859,2.2911
Worldwide Wonders,1.539,1.6711,2.3611,2.954,1.4551,1.4119,1.4441,1.549,1.457,1.498,1.734
Essential History of Art,0.2921,0.282,0.278,0.2699,0.272,0.273,0.267,0.623,0.4849,0.561,0.3603
Where to Find It in the Bible: The Ultimate A to Z Resource,3.0489,1.9512,2.044,1.807,1.8861,1.9689,2.146,1.7488,1.9441,1.8041,2.0349
"The German Panzers, from Mark I to Mark V ""Panther"" - Armor Series 2",0.0758,0.072,0.0708,0.071,0.072,0.072,0.073,0.072,0.072,0.0732,0.0724
What Makes a Goya a Goya?,1.0941,1.1368,1.4029,1.8239,1.796,1.8601,1.1029,0.9952,1.0128,0.9849,1.321
How to Be Your Dog's Best Friend: A Training Manual for Dog Owners,1.7092,2.3689,2.3081,1.895,1.24,1.2119,1.3342,2.3179,1.2851,1.236,1.6906
Let Freedom Ring: Winning the War of Liberty over Liberalism,1.9259,1.987,1.899,1.9441,2.141,2.1479,3.1559,1.982,1.9,6.46,2.5543
When All Hell Breaks Loose,1.317,1.2591,1.143,1.1601,1.1101,1.3518,1.1849,1.147,1.065,1.092,1.183
"Gorgias (The Penguin Classics, L94)",0.7591,1.0579,0.7658,0.7689,0.9,0.726,0.7582,0.757,0.89,0.912,0.8295
Quiet Times for Couples,2.867,7.0689,2.0261,1.5571,1.4369,1.4379,1.5512,1.4739,1.435,1.415,2.2269
"Herds of Thunder, Manes of Gold",1.3089,1.0629,1.116,1.5042,2.5721,1.1261,0.9689,0.978,0.9618,0.9351,1.2534
Transitions: Making Sense of Life's Changes,1.524,1.3781,1.368,1.384,1.8499,1.3971,1.3418,1.343,1.5452,1.441,1.4572
Beginner's Guide to Golf,0.9661,0.9201,0.9301,0.983,1.204,0.9651,0.926,1.1029,1.1301,1.678,1.0805
"I am the fox,",5.4629,1.5671,4.024,1.7581,0.9091,0.8559,0.8161,0.8459,0.8781,0.942,1.8059
Secretaries of war and secretaries of the army: Portraits & biographical sketches (CMH pub),0.9072,0.8259,0.7939,0.8101,0.7949,0.7951,1.1249,0.8059,0.8001,0.802,0.846
A Contest of Faiths: Missionary Women and Pluralism in the America Southwest,3.252,2.3351,3.2401,2.1019,2.157,1.9591,2.1751,1.8389,1.9569,2.012,2.3028
The Single Parent's Money Guide,1.09,1.04,1.0419,1.3571,1.193,1.333,1.044,1.097,1.4751,1.1439,1.1815
F2f,0.1361,0.1309,0.1299,0.1521,0.1299,0.129,0.129,0.129,0.128,0.128,0.1322
Freud's Wishful Dream Book,0.9859,0.9201,1.075,0.9291,0.896,0.911,0.9789,0.9041,0.8919,1.1251,0.9617
Ingenious Inventions of Domestic Utility,1.3828,2.2521,1.302,3.3851,3.4881,1.358,1.2782,1.2958,1.3521,1.5571,1.8651
Complete Idiot's Guide to Parenting Your Teenager (The Complete Idiot's Guide),2.1598,1.6811,1.7371,1.1549,1.1449,1.1489,1.138,1.266,1.1408,1.1408,1.3712
The Antiques Care & Repair Handbook,1.9619,2.218,1.6952,1.6658,1.8408,1.8909,1.6851,1.7068,3.3472,4.4322,2.2444
Great Pyramid: Its Secrets & Mysteries Revealed,1.9379,1.76,1.9531,1.786,1.946,3.6638,2.5811,1.966,1.7779,1.7321,2.1104
Holy War Inc. Inside the Secret World of Osama Bin Laden,1.2889,1.4069,1.4181,1.4,1.1511,1.1559,1.476,1.4029,1.513,1.153,1.3366
Flavor,1.791,2.6228,1.6401,2.166,2.1129,2.1448,2.2721,2.1291,2.0871,1.188,2.0154
Cinderella Cinderella Mini Book: Mini version (Fay's Fairy Tales),1.5538,2.4719,1.9619,1.8189,1.6322,1.709,2.5229,2.4581,2.1269,1.5779,1.9834
After the Boxes Are Unpacked,2.46,2.4419,2.316,2.841,2.445,2.9202,2.1241,1.9231,1.4279,1.899,2.2798
The Big Book of Gardening Skills,1.456,1.5469,1.442,1.3161,1.209,1.127,1.1411,1.2259,1.8129,1.2228,1.35
Eakins,2.677,2.9371,1.8811,2.7351,2.8379,2.553,1.7881,1.6708,1.806,2.8801,2.3766
Race relations (Prentice-Hall sociology series),3.027,3.412,2.2089,1.9841,1.689,1.755,1.9381,1.791,1.667,1.699,2.1171
The Washington ethnic food store guide,1.2698,1.0529,1.003,1.3111,1.996,2.3122,1.0819,1.09,1.0719,1.3492,1.3538
Reflections in a Glass Eye: Works from the International Center of Photography Collection,2.1789,2.7659,3.7799,4.2498,4.0519,3.9909,4.1099,3.3031,2.66,2.1238,3.3214
Getting Started in Powerboating,2.8858,2.228,2.1901,3.2279,3.252,2.9089,2.5311,2.661,2.3851,2.3429,2.6613
Worth the Fighting For: A Memoir,1.472,1.7731,1.622,4.7312,1.4491,1.8311,1.981,1.6451,2.399,2.4629,2.1367
Red Dragon Rising: Communist China's Military Threat to America,1.7049,2.0559,2.712,2.0809,2.0041,1.5831,1.5891,1.8189,2.9829,2.2359,2.0768
All the Way Home,1.6751,1.0819,1.1041,1.081,1.019,1.071,1.044,1.024,1.127,1.0462,1.1273
Totline 123 Rhymes Stories & Songs ~ Open-Ended Language (1-2-3 Series) Ages 3-6,0.1209,0.1202,0.119,0.1409,0.1318,0.129,0.124,0.139,0.119,0.1161,0.126
"Pineapples, Penguins and Pagodas (Kids' Stuff)",1.3859,1.333,1.2999,1.3161,1.25,1.282,1.25,1.2741,1.2128,1.2381,1.2842
The Book of Ch'I: Harnessing the Healing Forces of Energy,1.4999,1.4629,1.5161,1.55,1.5168,1.385,1.4651,1.42,1.4262,1.4598,1.4702
Being Little in Cambridge When Everyone Else Was Big,0.2959,0.216,0.217,0.2222,0.231,0.2549,0.217,0.222,0.2241,0.2439,0.2344
The Hero Within,1.3621,1.364,1.4009,1.3101,1.44,1.3709,1.3371,1.338,1.3411,1.3011,1.3565
Western,1.61,1.5571,1.524,1.6429,1.5759,1.5721,1.5759,1.9541,1.6379,1.519,1.6169
Numbers (Wipe-Off Activity Books),1.3421,1.2488,1.224,1.24,1.3261,1.42,1.2581,1.241,1.245,1.271,1.2816
Baroque Painting (Barron's Art Handbooks: Yellow Series),1.9119,1.812,1.9689,1.7798,1.802,1.802,1.9281,2.3639,1.976,1.9341,1.9279
"More Ghosts of Gettysburg: Spirits, Apparitions and Haunted Places of the Battlefield",2.106,2.1081,2.352,2.1529,2.372,2.0418,2.0509,2.136,2.104,2.0721,2.1496
Pierre Franey's Cooking In America,1.7681,1.6479,1.606,1.5531,1.6341,1.539,1.533,1.5728,2.0111,2.322,1.7187
Greek Art (New Revised Edition),1.931,2.5511,2.492,1.7262,2.512,3.2911,1.981,2.0289,1.7841,1.6601,2.1958
Utopia (Crofts Classics),1.811,1.754,1.9341,1.982,2.27,1.888,1.734,1.729,1.8709,1.7321,1.8705
Bias: A CBS Insider Exposes How the Media Distort the News,1.0252,0.9689,0.953,1.1401,2.1029,3.541,1.0941,2.4281,1.9381,1.6799,1.6871
Plain and Simple: A Woman's Journey to the Amish,1.188,1.138,1.416,1.6131,1.194,1.2009,1.225,1.1568,1.286,1.1771,1.2595
Twentieth-century art from the Nelson Aldrich Rockefeller collection,2.1291,2.094,2.7671,2.212,2.3129,2.47,2.0702,2.3899,2.049,4.9131,2.5407
7 Simple Steps to Unclutter Your Life,2.8269,1.3549,0.9611,0.948,0.9429,0.9491,1.0319,1.236,1.246,1.4191,1.2916
Virginia trout streams: A guide to fishing the Blue Ridge watershed,2.7878,2.512,2.249,2.244,1.833,1.7719,2.8479,1.931,1.801,1.9779,2.1956
How to Fool Fish With Feathers: The Incompleat Guide to Fly-Fishing,1.699,1.672,1.843,1.7281,2.1391,2.5671,1.6851,1.6971,1.8399,2.3782,1.9249
Tom Brown's Schooldays (Oxford World's Classics),2.8942,2.5489,1.827,1.739,1.9062,1.6611,1.6239,1.816,1.7221,1.74,1.9478
Metamorphoses (Oxford World's Classics),2.3181,2.0249,2.2559,2.2421,1.8189,1.657,1.6508,4.7369,2.604,1.7071,2.3016
Germinal (Oxford World's Classics),1.699,1.8599,2.121,2.6121,2.537,3.1192,2.5699,1.6818,1.6608,1.729,2.159
The California Coastal Resource Guide,1.298,1.1978,1.3528,1.8148,1.4119,1.215,1.137,1.241,1.606,1.1809,1.3455
Tools and Gadgets (Historic Communities (Paperback)),1.771,2.583,1.848,1.7569,1.7512,1.9319,1.765,1.7152,1.9138,2.3899,1.9426
Matilda,4.4582,1.492,1.4849,1.514,1.704,1.493,1.4689,2.0399,1.4942,1.498,1.8647
The Ultimate Book Of Paint Effects,1.425,1.7331,1.4079,1.2958,1.277,1.3952,1.4858,1.4708,1.281,1.286,1.4058
Where No One Has Gone Before: A History in Pictures (Star Trek),1.4651,2.979,3.989,2.805,2.264,1.78,1.3731,1.178,1.2009,1.2889,2.0323
Superdog: Raising the Perfect Canine Companion,2.023,1.8299,2.1272,2.1131,1.792,1.7951,1.7641,1.7729,1.9009,3.088,2.0206
Football America: Celebrating Our National Passion,2.6729,2.7938,2.0211,2.1479,1.58,1.6072,1.5168,1.6172,1.5519,1.482,1.8991
In Our Own Image: Building an Artificial Person,1.596,2.2249,1.9519,1.699,1.555,1.399,1.4911,1.399,1.523,1.5109,1.635
Death and Deconstruction,2.6691,2.882,2.6391,2.908,2.6522,2.851,3.7661,3.119,2.7032,3.0129,2.9203
1990 BEST-RECIPES YEARBOOK,3.1972,2.106,1.7149,1.6022,1.6229,1.9341,1.9979,1.7309,1.7121,4.2131,2.1831
People of the High Plateau,2.7711,1.4679,1.462,1.4441,1.4369,1.425,1.447,1.6651,1.796,1.7672,1.6682
"The Education of the Heart: Readings and Sources for Care of the Soul, Soul Mates, and The Re-Enchantment of Everyday Life",1.287,1.621,1.0841,1.0581,0.998,1.4451,1.272,1.0519,1.2672,1.7569,1.2841
Legends: Conversations With Baseball Greats,2.624,5.125,1.698,1.3862,1.4639,1.9472,1.338,1.348,1.349,1.4372,1.9717
Out to Canaan (Book 4 of the Mitford Years),4.0171,3.222,1.4999,3.0148,2.424,1.2839,1.281,1.2801,1.2879,1.297,2.0608
Management and Organizational Behavior,1.56,1.5309,1.5819,1.509,1.5039,1.5039,1.735,2.789,2.2409,1.5581,1.7513
"What Every Woman Needs to Know about Menopause: The Years Before, During, and After",1.436,11.4019,4.1869,2.2252,2.156,1.3289,1.6861,1.57,1.3759,1.4288,2.8796
Garfield Book of Cat Names,2.2309,1.431,1.621,1.549,1.1749,1.1601,1.143,1.183,1.3449,1.7259,1.4564
Introductory clinical pharmacology,2.2101,2.9671,2.4071,2.187,2.1091,2.1,2.141,2.1019,2.2452,3.7811,2.425
"Decorating with Wreaths, Garlands, Topiaries & Bouquets",1.5531,1.699,1.703,2.5661,3.1531,3.113,1.9331,2.7859,2.6059,1.488,2.26
Prince Charles,1.415,1.3678,1.394,1.919,1.5011,1.379,1.343,1.9491,3.268,2.305,1.7841
Laura Ashley Color: Using Color to Decorate Your Home,1.5101,2.002,1.008,1.1621,1.6789,1.807,1.7109,1.456,1.302,1.1621,1.4799
"Shark Tank: Greed, Politics, and the Collapse of Finley Kumble, One of America's Largest Law Firms",2.6119,1.2629,1.6551,1.39,1.291,1.1661,1.061,1.0409,1.0731,1.061,1.3613
Antiques as an Investment,2.682,2.568,2.331,1.9221,1.929,2.0499,2.4781,1.9541,2.497,3.68,2.4091
"The Real War on Crime: Report of the National Criminal Justice Commission, The",0.4201,0.195,0.272,0.2091,0.1769,0.176,0.176,0.175,0.175,0.2511,0.2226
Ernie And His Merry Monsters (Sesame Street Good-Night Stories),2.3801,1.7519,2.1741,2.069,1.8232,1.6699,1.549,1.5721,1.6429,1.6201,1.8252
"The Quarterlifer's Companion : How to Get on the Right Career Path, Control Your Finances, and Find the Support Network You Need to Thrive",1.2131,1.1561,1.147,1.2801,1.2989,1.2689,1.164,1.2281,1.482,1.127,1.2365
Leaving Town Alive: Confessions of an Arts Warrior,1.482,1.4598,1.574,2.116,1.7121,1.862,1.523,1.4181,1.399,1.41,1.5956
A Show of Hands: Say It in Sign Language,2.013,1.6849,1.627,1.734,1.6651,1.7779,1.8058,10.7541,2.393,2.8548,2.831
Silent Sons: A Book for and About Men,0.329,0.262,0.2549,0.2441,0.2449,0.2301,0.2279,0.2222,0.3068,0.3302,0.2652
Walker Evans: A Biography,1.6601,1.627,1.5731,1.704,3.1281,1.9422,1.6,1.6019,1.579,1.6401,1.8056
"Meteorology today: An introduction to weather, climate, and the environment",2.677,3.346,2.9922,2.1651,2.2719,2.0728,2.058,2.4731,2.5899,3.16,2.5806
"Contest for a Capital: George Washington, Robert Morris, and Congress, 1783-1791, Contenders : Dramatized Events of America's Founding Years",1.2019,1.1311,1.0881,1.2109,3.1531,1.122,1.2519,1.1759,1.092,1.5318,1.3959
Americas Glorious Quilts,1.5562,2.0471,1.1179,1.982,2.306,1.9181,1.5669,1.339,5.9302,1.9381,2.1702
Cars 1886-1930,1.5631,1.3828,2.4009,1.3709,1.6739,1.4729,1.6141,5.446,1.4951,1.9779,2.0398
Dr Jekyll and Mr Hyde and Weir of Hermiston (Oxford World's Classics),2.7719,6.9568,1.7898,1.7641,1.7471,1.7359,1.724,2.454,2.1031,2.4159,2.5463
Spirited Americans: A Commentary on America's Optimists-From the Puritans to the Cybr-Century,2.131,3.155,2.6689,2.1319,2.681,2.105,3.5789,1.9801,1.724,1.7471,2.3903
What Went Wrong?: Western Impact and Middle Eastern Response,2.1322,1.724,1.6961,1.7071,1.9269,2.7511,1.7869,1.8799,3.6919,2.4111,2.1707
Lessons from the Fairway: Inspirational Stories from the Fairway for the Yound and Old Alike!,1.4472,1.339,1.507,1.4729,1.5271,1.334,1.5411,2.106,1.482,1.3931,1.5149
Your Sacred Self,1.2269,1.0121,0.9789,1.1401,0.982,0.9701,1.0359,2.5699,2.96,2.29,1.5166
The World's Whales: The Complete Illustrated Guide,1.0781,0.9921,0.9658,1.2772,1.2,0.9761,0.967,0.9899,1.0591,1.1921,1.0697
Taming and Training Conures,2.0981,1.7941,1.9701,4.185,2.26,1.6031,1.5049,1.523,1.8861,1.8749,2.0699
In the Footsteps of Gandhi: Conversations With Spiritual Social Activists,2.4529,1.9281,1.7729,1.8382,1.8148,1.7641,2.0161,3.407,2.1341,2.6231,2.1751
"Is Sex Necessary?: Or, Why You Feel the Way You Do",0.3142,0.205,0.164,0.257,0.283,0.2789,0.2689,0.263,0.2441,0.242,0.252
"Dark windows,",2.0409,2.239,4.277,1.889,1.8189,1.617,1.6351,1.4901,1.466,1.4961,1.9969
The bedside book of Martin Buxbaum,1.3051,1.121,1.1618,1.0769,1.09,1.1299,1.1539,1.0769,1.1811,1.106,1.1403
The Winemaker's Year: Four Seasons in Bordeaux,1.8201,1.857,7.01,7.6201,2.6741,1.981,1.6451,2.882,1.6799,2.4581,3.1627
Balancing Acts,1.1361,1.013,0.9859,1.055,1.009,0.999,1.04,1.0071,0.9899,0.9911,1.0226
Sacred Stories: A Celebration of the Power of Story to Transform and Heal,1.0731,1.0629,1.0211,1.044,1.0109,1.0271,1.0099,1.2181,1.5891,1.0419,1.1098
Zen Lessons: The Art of Leadership,2.0421,2.31,3.5391,3.166,3.684,3.237,2.8899,2.3689,2.177,2.0242,2.7438
Stencil Source Book 2: Over 200 New Designs,1.6382,1.6539,1.4122,1.6079,1.4091,1.3809,1.3661,1.5941,1.78,1.4269,1.5269
Cities Then & Now,0.277,0.2391,0.2379,0.236,0.241,1.0469,0.2511,0.366,0.2491,0.246,0.339
Gardens of the World: The Art and Practice of Gardening,1.838,2.038,1.8861,2.6481,2.949,2.656,1.869,2.3432,1.8201,1.8318,2.1879
Brass,1.1139,1.1201,1.1458,1.1098,1.1051,1.3111,1.7021,1.3239,1.8332,1.9629,1.3728
REASONABLE DOUBTS: The O.J. Simpson Case and the Criminal Justice System,1.94,1.7889,1.811,1.4529,1.8461,1.0951,1.092,1.0641,1.08,1.0719,1.4242
The Lives of the Muses: Nine Women & the Artists They Inspired,1.72,1.6332,1.6119,1.76,2.485,1.678,1.6179,1.5929,1.6081,1.611,1.7318
"Frederic Remington: Paintings, Drawings, and Sculpture in the Amon Carter Museum and the Sid W. Richardson Foundation Collections",2.295,2.2409,2.444,3.2701,2.491,2.337,2.3968,4.9419,3.1929,2.8229,2.8433
The Civil War Trust's Official Guide to the Civil War Discovery Trail,1.4482,1.209,1.214,1.164,1.1959,1.5881,1.169,1.2779,1.2121,1.1609,1.2639
Pilgrim: A Novel,1.4911,1.7941,1.5929,1.6122,1.1759,1.116,1.1032,1.133,1.4119,1.9138,1.4344
Soup Suppers: More Than 100 Main-Course Soups and 40 Accompaniments,6.6969,3.844,3.932,3.5179,2.9809,2.759,2.5029,2.665,2.645,2.908,3.4452
The Big Bands Trivia Quiz Book,1.0309,0.9198,0.8972,0.8941,0.8938,1.195,1.2209,1.2321,1.6379,1.313,1.1235
The American Style of Foreign Policy: Cultural Politics and Foreign Affairs,1.6429,1.338,1.2989,1.328,1.4219,6.2211,1.3781,1.44,1.313,2.1629,1.9545
D.H. Lawrence: The Story of a Marriage,3.1011,2.4221,1.6899,1.709,1.73,3.4201,3.4878,1.811,1.6849,1.7321,2.2788
The Illustrated Almanac of Historical Facts: From the Dawn of the Christian Era to the New World Order,1.461,1.2279,1.4081,2.3451,1.5221,1.1721,1.1699,1.236,1.5371,2.301,1.538
Notable American Women: A Biographical Dictionary: Notable American Women: The Modern Period: A Biographical Dictionary (Notable American Women) (Volume 4),0.232,0.1841,0.181,0.1822,0.181,0.181,0.181,0.185,0.181,0.1791,0.1867
Ashes of Glory: Richmond at War,0.499,0.4489,0.366,0.247,0.2351,0.2801,0.2699,0.2379,0.2251,0.258,0.3067
Orthopedic Disorders (Mosby's Clinical Nursing Series),1.8661,1.689,2.038,1.6451,1.6379,1.7731,2.2919,2.78,2.0051,2.4781,2.0204
"God's Masterwork: A Concerto in Sixty-Six Movements : Ezra Through Daniel (Swindoll Bible Study Guides , Part 2)",0.159,0.093,0.109,0.1161,0.1168,0.149,0.1268,0.093,0.1001,0.107,0.117
"In Buddha's Kitchen : Cooking, Being Cooked, and Other Adventures at a Meditation Center",1.8358,1.4832,1.4188,1.4,1.493,1.5149,2.2821,4.5969,4.4181,2.9819,2.3425
Crossing Over: The Stories Behind the Stories,2.274,1.6711,1.663,1.5321,1.498,1.4791,1.472,1.4889,1.5039,1.4451,1.6027
Business Law: Text and Cases,1.3831,1.878,2.0549,2.63,2.1181,1.2112,1.1868,1.1752,1.1768,1.1909,1.6005
Sea Otters: A Natural History and Guide,1.3242,1.4191,0.9849,1.353,1.3981,1.2069,1.049,1.0071,1.0071,0.9749,1.1724
Becoming satisfied: A man's guide to sexual fulfillment (A Spectrum book),1.0951,1.039,1.0419,1.128,1.3359,1.0622,1.07,1.056,1.039,1.0312,1.0898
Marketing,2.0561,1.92,1.8351,1.8499,2.007,1.9531,1.863,1.8969,1.8692,1.868,1.9118
The New Yorker Cartoon Album 1975-1985,1.1621,1.1899,1.1559,1.1921,2.172,1.4482,1.9619,1.605,1.3928,1.2929,1.4573
We Are America,3.0899,2.064,1.7481,1.5481,1.5299,1.569,1.528,1.5759,1.529,1.945,1.8127
Dr. Nancy Snyderman's Guide to Health: For Women over Forty,3.3259,1.8589,1.1258,1.127,1.1082,1.1129,1.1921,1.4029,1.3111,1.127,1.4692
Unravelling,2.207,3.1481,3.314,1.9879,1.9958,2.111,2.0969,1.9581,2.275,4.7829,2.5877
An Obedient Father,2.059,1.8258,1.487,1.3862,2.0919,1.853,1.8859,1.3969,1.3311,1.2,1.6517
Like the Red Panda,1.1909,1.4741,1.1659,1.1451,1.1299,1.1201,1.508,4.8261,2.8281,3.336,1.9724
East Asia: From Chinese Predominance to the Rise of the Pacific Rim,0.2911,0.247,0.241,0.459,0.6399,0.416,0.4301,0.4349,0.3181,0.3331,0.381
Hamlet's Mother and Other Women,4.2369,2.6789,1.163,1.1568,1.899,1.848,1.631,1.6809,2.1019,1.9732,2.037
The Book of Intimate Grammar,1.399,1.73,1.394,1.4369,1.3802,1.3368,1.8702,2.8741,1.4329,1.353,1.6207
Sunset Recipe Annual 1995,0.715,0.7701,0.767,0.633,0.633,0.6289,0.6101,0.6111,0.6058,0.628,0.6602
Ritalin Nation: Rapid-Fire Culture and the Transformation of Human Consciousness,3.154,4.2729,2.5651,2.4569,2.573,2.5101,2.681,2.8172,2.7621,2.7649,2.8557
"Ashes to Ashes: America's Hundred-Year Cigarette War, the Public Health, and the Unabashed Triumph of Philip Morris",1.3149,1.265,1.6081,1.837,1.5452,1.4648,1.2851,1.4009,1.3571,1.3261,1.4404
"Recyclopedia: Games, Science Equipment, and Crafts from Recycled Materials",1.986,1.91,1.864,1.935,2.0628,7.7848,2.259,2.1529,1.9631,2.0909,2.6009
The Survival Factor,1.348,1.277,1.265,1.292,1.2519,1.2641,1.194,1.205,1.4391,1.23,1.2766
First and last love,1.0619,1.3471,1.925,1.924,1.8971,1.9059,1.261,1.205,1.097,1.09,1.4714
Greek Mythology (An Encyclopedia Of Myth And Legend),1.56,1.8461,1.3609,1.3881,2.0361,1.734,1.4269,1.4451,1.5252,2.8551,1.7178
World of Our Fathers: The Journey of The Eastern European Jews to America,2.0051,4.4451,4.818,2.0299,2.106,1.8101,1.529,1.5061,1.549,1.5709,2.3369
Dance Of A Fallen Monk: The Twists And Turns Of A Spiritual Life,1.066,0.9811,0.9809,0.9611,0.9789,0.9639,0.9749,0.9608,1.7281,1.878,1.1474
Intervention and Reflection: Basic Issues in Medical Ethics (Philosophy),3.597,2.162,2.6391,2.218,1.786,1.653,1.6329,1.6749,1.6031,1.6229,2.0589
Politics of Latin American Development,2.1439,2.0578,2.1632,2.135,2.105,2.0401,2.0499,2.111,2.049,2.2042,2.1059
Ronald Reagan: His Life In Pictures,1.8361,1.8251,1.8129,1.596,3.365,1.904,1.5159,1.6322,1.946,8.3001,2.5733
Custer Story,3.6321,1.5681,1.8799,2.4469,2.4021,1.9171,1.6251,1.3719,1.2009,1.1208,1.9165
150 Years of Photo Journalism,1.8139,2.0802,1.765,1.792,1.766,1.7941,1.7891,2.0568,3.0591,4.93,2.2846
Deadlock: The Inside Story of America's Closest Election,5.5571,4.385,2.0812,4.178,2.8441,3.0849,2.0308,1.652,1.986,1.5812,2.938
Truman,1.2591,1.2181,1.1859,1.411,1.195,1.3309,1.8349,1.488,2.4779,1.2171,1.4618
Crafts of Israel,1.312,1.7359,1.3649,1.9751,1.5619,1.3459,1.2982,1.375,1.2829,1.8108,1.5063
"Understanding the Chesapeake, a Layman's Guide,",4.488,1.1091,1.157,1.143,1.1129,1.1251,1.1189,1.1461,1.142,1.266,1.4808
Alistair Cooke's America,1.838,2.039,1.848,2.3329,1.5759,1.4951,1.4641,1.734,1.883,2.1651,1.8375
The Purpose Driven Life Journal,1.9569,1.3092,1.2889,1.9,2.527,1.2422,1.2269,1.4,1.5371,1.4029,1.5791
Going Bridal: How to Get Married Without Losing Your Mind,4.1351,1.174,1.7059,1.4372,0.952,1.1599,1.1442,1.169,1.102,1.2081,1.5187
Incidents in the Life of a Slave Girl,1.0509,0.9658,0.8981,0.9451,0.891,0.8731,0.8619,0.9642,0.8919,0.89,0.9232
Human Resource Management,2.023,2.809,2.265,2.0351,2.152,1.9431,1.9648,2.0108,3.9611,2.7981,2.3962
Plumage,1.266,1.1971,1.2138,1.334,1.3599,1.214,1.188,1.4689,1.8511,1.3711,1.3464
The Fundamentals of Play: A Novel,1.179,1.1199,1.6232,1.111,1.092,1.173,1.3599,1.138,1.085,1.7369,1.2618
Improvised Europeans: American Literary Expatriates In London,1.3359,1.375,1.3318,1.255,1.272,1.2999,1.3902,1.2879,1.2541,1.2579,1.306
Forever Beautiful With Rex: Makeup Strategies for the Rest of Your Life,1.2929,1.3721,0.9711,0.9329,0.9491,0.911,1.0798,4.194,0.9239,1.4942,1.4121
"Best Places to Stay in the Caribbean, Sixth Edition",2.954,1.4062,1.7838,1.4689,1.559,1.3959,1.5261,1.3959,1.3831,1.4119,1.6285
Solve Your Child's Sleep Problems,2.425,1.9369,3.2179,1.6401,1.689,2.496,1.7979,2.243,2.238,3.3288,2.3013
All Japan: The Catalogue of Everything Japanese,2.0161,2.676,2.116,1.688,1.5011,2.4719,1.4281,1.6689,1.7331,1.6551,1.8954
The World Of Biblical Literature,2.382,2.038,4.297,2.4488,3.613,2.9149,3.1991,2.7092,2.4171,2.1598,2.8179
Geography and Development: A World Regional Approach,1.6549,1.5209,1.693,1.524,1.4932,1.5538,4.065,2.8689,1.5211,1.528,1.9423
Dissection of the Fetal Pig,0.2561,0.2139,0.211,0.205,0.216,0.2232,0.2069,0.216,0.212,0.2081,0.2168
Search for Spring,1.3111,1.2991,1.3089,1.3201,1.339,1.4951,1.4269,1.307,1.3571,1.286,1.345
Death bed: A detective story,1.2181,1.1861,1.1239,1.265,1.2519,2.2371,2.1181,1.6999,1.4381,1.224,1.4762
Caring and Coping When Your Loved One is Seriously Ill,0.2811,0.2301,0.226,0.2189,0.2201,0.2151,0.2148,0.2172,0.217,0.2241,0.2264
Voice Lessons: On Becoming a (Woman) Writer,1.297,1.2412,1.23,1.2779,1.6429,1.739,1.677,1.4729,1.523,1.282,1.4383
The New Face of Terrorism: Threats from Weapons of Mass Destruction,2.2681,2.3551,3.056,3.3901,2.099,3.5241,2.5151,2.748,2.182,2.0671,2.6205
"The Rich Are Different: A Priceless Treasury of Quotations and Anecdotes About the Affluent, the Posh, a nd the Just Plain Loaded",1.41,1.7631,2.315,1.977,3.9799,2.1131,1.936,2.501,2.0599,1.7729,2.1828
Mensa Presents Number Puzzles for Math Geniuses: 200 Fiendish and Intriguing Mind Games,1.6541,1.267,1.389,1.255,1.4951,1.2178,1.3962,1.1818,1.2002,1.0741,1.313
Nine Innings,1.406,1.4911,1.3831,1.2889,1.328,1.4679,1.544,1.673,2.075,1.395,1.5052
Real Lace: America's Irish Rich,1.157,1.07,1.0431,1.055,1.0409,1.0951,1.045,4.5879,1.05,1.3568,1.4501
Call To Home: African Americans Reclaim The Rural South,1.457,1.246,1.3371,1.1439,1.1022,1.194,1.1339,1.3552,1.133,1.1289,1.2231
The Ordinary Seaman,1.4639,1.3311,1.708,1.7381,3.52,1.4861,1.451,1.4901,1.462,1.411,1.7061
"Taking on the World: Joseph and Stewart Alsop, Guardians of the American Century",1.5352,1.482,1.7219,2.0261,2.4991,2.3489,2.959,1.4961,2.0211,1.7941,1.9884
"Born to Rebel: Birth Order, Family Dynamics, and Creative Lives",1.1718,1.138,1.478,3.2651,1.168,4.534,3.9191,3.104,1.833,1.6429,2.3254
The Monitor Chronicles : One Sailor's Account : Today's Campaign to Recover the Civil War Wreck,1.1561,1.4091,1.636,1.514,1.6701,1.3859,1.4231,4.9388,1.586,1.2591,1.7978
Fire in My Soul,1.3161,1.1401,1.0121,1.128,0.982,0.9949,1.003,0.9809,0.982,1.1482,1.0687
Maryland Wits and Baltimore Bards: A Literary History with Notes on Washington Writers (Maryland Paperback Bookshelf),2.4149,1.6689,1.9262,2.2969,2.46,2.053,1.7061,1.673,2.099,1.8768,2.0175
War Babies,1.3189,1.4501,1.3881,1.204,1.174,1.219,1.169,1.231,1.4801,1.2341,1.2868
How to Plant and Grow Annuals (How to Plant and Grow Series),1.936,1.9538,1.6711,1.5721,1.8051,1.744,1.9379,1.6248,3.1922,1.725,1.9162
A Skeleton in God's Closet,1.2739,1.2851,1.1621,1.142,1.1828,1.163,1.3161,1.3111,1.169,1.189,1.2194
Words & Quilts: A Selection of Quilt Poems,1.8539,1.673,1.2701,1.1339,1.1358,1.1921,1.0819,1.1101,1.137,1.08,1.2668
Home beermaking: The complete beginner's guidebook,1.6501,1.7221,1.6501,1.442,1.58,1.4811,1.466,1.447,1.647,2.2178,1.6303
"We Should Be So Lucky : Love, Sex, Food, and Fun After Forty from the Diva of QVC",0.2611,0.174,0.1719,0.164,0.164,0.159,0.1581,0.155,0.191,0.145,0.1743
"The Order of Things: Hierarchies, Structures, and Pecking Orders",2.311,1.5621,1.2989,1.3959,1.7488,1.3208,1.39,1.2579,1.4131,1.303,1.5002
Dining with the Duchess: Making Everyday Meals a Special Occasion,1.961,1.636,2.3861,1.4651,1.446,1.4539,1.466,1.467,1.4379,1.436,1.6155
Introductory Linear Algebra With Applications,2.9111,2.4991,2.439,2.0669,2.0068,2.6572,2.2199,2.2328,2.0318,2.023,2.3088
The search for Peking man,0.272,0.237,0.232,0.3219,0.2642,0.258,0.2279,0.2279,0.2391,0.2389,0.2519
Intimate Matters: A History of Sexuality in America,1.5259,1.461,1.5249,2.2981,2.497,1.585,5.8949,1.528,1.5559,1.5421,2.1413
Hollywood vs. America: The Explosive Bestseller that Shows How-and Why-the Entertainment Industry Has Broken Faith With Its Audience,1.904,1.682,1.682,1.6699,1.8411,1.9171,1.5819,1.8361,2.084,1.9732,1.8171
Shaken Not Stirred,1.893,1.41,1.343,1.3499,1.4091,1.4162,1.4038,1.8899,2.7831,1.3731,1.6271
Henry Adams,1.0462,1.0319,1.2231,1.195,1.5581,1.9879,1.4949,1.4839,1.3409,1.6141,1.3976
A Hole in the Earth,1.651,1.4279,1.3921,1.4391,1.7319,1.5092,1.364,1.389,1.4079,1.5819,1.4894
You Say You Want a Revolution : A Story of Information Age Politics,1.8442,1.5969,1.673,1.5631,1.5471,1.5371,1.9279,1.9979,1.7581,1.6809,1.7126
Kayaking: Whitewater and Touring Basics (A Trailside Guide),1.1792,1.09,1.0879,1.102,1.1692,1.102,1.178,1.097,1.076,1.0669,1.1148
My Country: The Story of Modern Israel,1.4439,1.59,1.2748,1.3041,1.333,1.256,1.22,1.235,1.2259,1.4751,1.3358
Praying God's Will For Your Life: A Prayerful Walk To Spiritual Well Being,1.3108,1.158,1.169,1.3041,1.822,1.0979,1.112,1.1079,1.183,1.255,1.252
The Good Black,1.0161,0.952,1.0889,1.652,1.4079,3.695,1.034,1.044,0.957,1.004,1.3851
"An Inquiry Concerning Human Understanding: With a Supplement, An Abstract of a Treatise of Human Nature",1.3468,1.2951,1.766,1.7419,1.3649,1.2689,1.554,1.5221,1.3421,1.272,1.4474
The Unfinished Constitution: Philosophy and Constitutional Practice,1.919,1.6582,1.5979,1.699,1.8449,1.61,4.9241,2.1491,2.048,2.0459,2.1496
"PARKER'S WINE BUYER'S GUIDE, 5TH EDITION : Complete, Easy-to-Use Reference on Recent Vintages, Prices, and Ratings for More Than 8,000 Wines from All the Major Wine Regions",1.5981,1.4968,1.9972,5.367,1.5831,1.4799,1.5221,1.6711,1.4939,1.4801,1.9689
Artificial Intelligence: How Machines Think,2.0511,1.0428,1.5118,1.4081,1.2479,1.3928,1.4372,1.0469,1.0128,1.04,1.3191
Communications and Networking for the IBM PC and Compatibles,2.3479,2.1431,2.094,2.146,2.0211,2.074,2.043,2.0139,2.013,6.8009,2.5697
The Macmillan Visual Desk Reference,5.805,1.873,1.9579,3.0069,1.8539,1.8141,2.0618,3.7589,2.836,1.899,2.6867
The standard wine cook book,0.998,1.0252,1.5938,1.0481,1.822,1.6041,1.174,3.154,2.2981,1.3001,1.6017
"Tales Of Passion, Tales Of Woe",0.807,0.6421,0.6039,0.5829,0.5739,0.536,0.515,0.4668,0.4661,0.4461,0.564
Keeping Life Simple: 380 Tips & Ideas,2.1889,1.698,1.415,1.2262,1.5068,1.61,1.3151,1.5419,1.936,2.126,1.6564
HOLLYWOOD HUSBANDS,1.9572,2.296,1.9131,2.1341,1.6959,1.9722,1.6818,1.5299,3.516,1.6031,2.0299
Raise Heaven and Earth: The Story of Martin Marietta People and Their Pioneering Achievements,2.8372,2.3251,4.3759,8.0051,5.137,2.9321,2.6071,3.6669,3.686,5.8951,4.1468
"Learning disabilities, systemizing teaching and service delivery",1.735,2.228,1.9209,3.2651,1.6739,1.9991,1.749,1.6971,1.807,1.5969,1.9672
The Testament of Light,1.1151,1.05,1.0431,1.4529,1.6818,1.097,1.076,1.0469,1.2131,1.0881,1.1864
The American Geriatrics Society's Complete Guide to Aging and Health: How We Age*Caring for Parents*Long-Term Care Choices*Wise Health Care Decisions* ... Care Financing*Analysis of Common Ailments,1.9009,2.074,1.997,2.7881,2.2509,2.0759,1.7889,2.1601,1.754,1.842,2.0632
"Potter Needlework Library, The: Essentials of Sewing, Volume 2",0.103,0.0701,0.0679,0.0761,0.0701,0.097,0.1059,0.1111,0.114,0.0792,0.0894
Julius Caesar (Cambridge School Shakespeare),2.749,2.0471,2.1141,2.759,3.2952,3.751,3.855,2.2421,2.162,3.788,2.8763
Men and Angels,2.4478,1.765,1.426,1.3471,1.6561,1.477,2.037,1.6119,1.6301,1.404,1.6802
Debrett's book of royal children,1.5671,1.6899,1.6148,1.5099,1.4839,1.4741,1.621,1.4591,1.4811,1.4989,1.54
"Rock, Roll & Remember",2.2559,1.826,1.756,5.9571,6.1672,5.537,1.8871,2.5589,2.63,2.2459,3.2821
"Inside the House: An irreverent guided tour through the House of Representatives, from the days of  Adam Clayton Powell to those of Peter Rodino",1.7221,1.5659,1.677,1.4601,1.416,1.39,1.5681,1.3919,1.3621,1.3571,1.491
Everyone's Money Book,1.2012,3.886,2.4149,1.1032,1.2541,1.4629,1.3599,1.246,0.9668,0.9379,1.5833
"The United Lutheran Church in America, 1918-1962",1.9639,1.2898,1.4918,1.4179,1.2541,1.1921,1.3299,1.2622,1.1759,1.1749,1.3553
God's Psychiatry: Healing for the Troubled Heart and Spirit,1.2879,1.4858,2.8949,2.794,1.1861,1.199,1.1849,1.2169,1.199,1.23,1.5679
In the Shadow of F.D.R.: From Harry Truman to Bill Clinton,1.4622,3.1278,2.4381,1.677,1.8189,1.4641,1.4291,1.4031,2.3859,1.4639,1.867
The Nominative Case,1.9331,1.0941,1.086,1.0719,1.0741,1.0738,1.0722,1.0619,1.0741,1.0979,1.1639
The Dannon Book of Yogurt,1.1919,1.189,1.1418,1.1561,1.147,1.1361,1.163,1.158,1.1768,1.184,1.1644
TERRITORIES OF THE VOICE,1.1499,1.1029,1.1301,1.09,1.7049,4.724,3.6399,2.6031,2.4922,1.8051,2.1442
The sports factory: An investigation into college sports,1.3649,1.297,1.3762,1.5159,1.5478,1.3201,1.2341,1.2589,1.2012,1.2219,1.3338
Intelligent Business Alliances: How to Profit Using Today's Most Important Strategic Tool,1.199,1.6131,0.9389,0.968,0.932,0.9649,0.9441,0.9589,0.952,0.967,1.0438
Porterhouse Blue,0.8559,0.855,0.8249,0.8259,0.8321,0.8059,0.9248,0.8421,0.946,0.8409,0.8554
Paradigms: The Business of Discovering the Future,1.1761,1.0998,1.0781,1.0989,1.0822,1.086,1.0948,1.112,1.1079,1.1799,1.1116
Cushions & Covers: A Step-By-Step Guide to Creative Soft Furnishings (Reader's Digest: Practical Home Decorating),2.213,2.1598,2.0869,2.1172,2.1238,2.0902,5.5549,5.2822,2.125,2.1219,2.7875
We Interrupt This Broadcast: Relive the Events That Stopped Our Lives...from the Hindenburg to the Death of Princess Diana (book with 2 audio CDs),0.881,0.8199,0.8831,1.091,1.447,1.2689,1.3161,1.394,0.869,1.8761,1.1846
Changing Places: Rebuilding Community in the Age of Sprawl,2.3789,1.7321,1.4961,1.8051,1.7009,2.1172,1.5161,1.1709,1.538,1.2898,1.6745
Anne Frank : The Biography,2.3551,2.593,1.6489,1.713,1.7822,3.1729,2.4281,2.1441,1.725,1.6241,2.1186
Muhammad: The messenger of God,0.2511,0.2069,0.2069,0.2539,0.226,0.2129,0.2141,0.2091,0.211,0.221,0.2213
The Elegant Onion: The Art of Allium Cookery,1.487,1.6479,1.3959,1.384,1.4241,1.415,1.405,1.4391,1.4129,1.4141,1.4425
Awakening Corporate Soul: Four Paths to Unleash the Power of People at Work,1.056,1.0262,1.4489,1.193,2.578,2.1019,1.7071,1.4398,1.245,1.1289,1.4925
"WW II Air War : The Men, the Machines, the Missions",1.6689,1.574,1.884,1.5359,1.555,1.7381,1.581,1.5161,1.524,1.524,1.6101
The Puzzles of Amish Life (People's Place Book No. 10),0.1781,0.1371,0.1359,0.1361,0.1349,0.1349,0.133,0.133,0.134,0.133,0.139
A Reason For Hope: Gaining Strength for Your Fight Against Cancer,3.1621,1.8339,2.707,1.4038,2.1529,2.0521,1.6301,1.528,2.5899,2.3711,2.1431
Exploring the Labyrinth: Making Sense of the New Spirituality,2.8381,2.846,2.9509,2.9478,2.1219,4.4901,3.7251,2.5561,2.218,2.6131,2.9307
Ending the Homework Hassle,1.6489,1.8132,1.658,1.442,1.3351,1.225,1.3659,1.6181,1.601,1.2641,1.4971
The Race for the Triple Crown,1.1659,1.3769,1.179,1.0898,1.1001,1.1971,1.3289,1.071,1.0619,1.08,1.1651
Lewis and Clark: Doctors in the Wilderness,1.925,2.1009,1.8311,1.8291,1.874,2.219,2.6741,2.0661,4.117,2.0881,2.2724
The Best Intentions,1.986,2.1439,2.0652,1.9519,2.11,2.64,2.9728,2.0311,1.9801,2.11,2.1991
OFFICIAL GUIDE TO THE SMITHSONIAN,1.94,1.9419,2.2461,2.4979,1.9801,2.2931,1.852,1.8699,1.992,2.5492,2.1162
Dale Earnhardt: 1951-2001,1.6189,3.6311,1.1771,1.1568,1.2131,1.2901,1.143,1.1101,1.1179,1.24,1.4698
"The Insiders' Guide to Civil War Sites in the Eastern Theater, 2nd",0.4301,0.1469,0.2148,0.242,0.226,0.217,0.2141,0.2089,0.1881,0.1729,0.2261
The Mayor of Central Park,1.2159,1.1251,1.4369,1.209,1.5309,1.3402,1.2059,1.195,1.054,1.1091,1.2422
Diary of an Arctic Year,1.4269,1.0388,1.1179,0.9849,0.9589,0.963,0.957,0.963,1.0581,1.0989,1.0567
Don't Give It Away! : A Workbook of Self-Awareness and Self-Affirmations for Young Women,1.111,1.0431,1.056,1.0161,1.3719,5.0478,1.21,1.1139,1.085,1.03,1.5085
One Day My Soul Just Opened Up: 40 Days and 40 Nights Toward Spiritual Strength and Personal Growth,1.224,1.245,1.178,1.1799,1.1361,1.2441,1.271,1.169,1.1241,1.138,1.1909
St. John's Wort,1.0381,1.25,1.0109,1.4601,1.303,1.1101,1.2331,1.4539,1.9479,1.9031,1.371
Long Road to Freedom: The Advocate History of the Gay and Lesbian Movement (Stonewall Inn Editions),2.0878,1.8392,1.694,1.7951,1.7881,1.7459,1.9231,6.8002,1.8148,1.8311,2.3319
"Escape Your Shape: How to Work Out Smarter, Not Harder",1.7471,1.9069,1.56,1.4839,1.5321,1.3421,1.2929,1.2851,1.307,1.2879,1.4745
Pony Express Christmas,1.6901,1.6811,1.792,2.7111,1.9372,3.001,3.0379,2.5678,2.7769,2.8861,2.4081
Christmas Decorations from Williamsburg's Folk Art Collection,2.202,1.9529,2.0912,2.5799,2.2829,2.7101,1.991,2.1429,1.9619,1.951,2.1866
A Crafter's Book of Angels,1.44,2.4881,2.2039,4.5228,1.3561,1.338,1.358,1.3361,1.3499,1.3571,1.875
Lockheed F-117A: Operation and Development of the Stealth Fighter,1.332,1.353,1.2519,1.3192,1.492,1.6339,1.833,1.5161,1.4091,1.2999,1.444
Here: A Biography of the New American Continent,2.0571,2.3041,2.013,1.9519,2.073,2.0289,1.967,1.9639,2.106,4.987,2.3452
Phonics (Step Ahead),4.035,2.8269,2.1141,1.622,1.5118,1.39,1.3039,1.3201,1.334,1.318,1.8776
The World of Silent Flight,1.1549,1.1151,1.1199,1.1408,1.1201,1.1151,1.1818,1.1702,1.0829,1.153,1.1354
Totline 1 2 3 Books ~ Simple Books To Make For Working With Young Children,3.3321,2.9788,1.8148,1.498,1.8239,2.6472,2.2891,2.0208,2.131,1.765,2.2301
AShiiiapppp lamzu maya x,0.077,0.072,0.073,0.0701,0.0689,0.0679,0.066,0.066,0.0639,0.0641,0.0689
Mushoku Tensei,1.4451,1.3919,1.606,2.0769,1.837,1.7629,1.3812,1.708,1.5869,1.2801,1.6076
Jujutsu kaisen,1.236,1.58,2.265,3.238,1.3421,1.153,1.1542,1.1668,1.3492,1.4329,1.5917
